"year","meada","Nt","maxsnow","Datesnowmelt","jansnow","jansnowfall","janmean","janmeanmax","janmeanmin","janextmax","janextmin","febsnow","febsnowfall","febmeanmin","febextmin","marsnow","marsnowfall","marmean","marmeanmax","marmeanmin","marextmax","marextmin","aprsnow","aprsnowfall","maysnow","maymean","maymeanmax","maymeanmin","mayextmax","mayextmin","junsnow","junmean","junmeanmax","junmeanmin","junextmax","junextmin","julsnow","julmean","julmeanmax","julmeanmin","julextmax","julextmin","augsnow","augmean","augmeanmax","augmeanmin","augextmax","augextmin","sepsnow","sepsnowfall","sepmean","sepmeanmax","sepmeanmin","sepextmax","sepextmin","octmean","octmeanmax","octmeanmin","octextmax","octextmin","novsnow","novsnowfall","novmean","novmeanmax","novmeanmin","novextmax","novextmin","decsnow","decsnowfall","decmean","decmeanmax","decmeanmin","decextmax","decextmin"
1995,"F",56.8,639,181,342,74,-13.4,-6.4,-20.4,4.9,-23.3,409,67,-12.5,-26.8,454,45,-10.7,-6.2,-15.2,3.3,-27.6,526,72,639,0.6,3.9,-2.7,8,-6,368,4.4,8.7,0.2,15.5,-4.5,7,8.9,13.8,3.9,20,-0.5,0,5.8,9.3,2.4,15.8,-1.4,2,2,5.8,9.8,1.8,19,-9,-3.8,-1.3,-5.6,11,-18.1,126,76,-6.7,-4.7,-9.8,7.7,-30.9,268,142,-12.1,-6.1,-18.1,1.5,-36.5
1995,"g",90.1,639,181,342,74,-13.4,-6.4,-20.4,4.9,-23.3,409,67,-12.5,-26.8,454,45,-10.7,-6.2,-15.2,3.3,-27.6,526,72,639,0.6,3.9,-2.7,8,-6,368,4.4,8.7,0.2,15.5,-4.5,7,8.9,13.8,3.9,20,-0.5,0,5.8,9.3,2.4,15.8,-1.4,2,2,5.8,9.8,1.8,19,-9,-3.8,-1.3,-5.6,11,-18.1,126,76,-6.7,-4.7,-9.8,7.7,-30.9,268,142,-12.1,-6.1,-18.1,1.5,-36.5
1995,"G",66.6,639,181,342,74,-13.4,-6.4,-20.4,4.9,-23.3,409,67,-12.5,-26.8,454,45,-10.7,-6.2,-15.2,3.3,-27.6,526,72,639,0.6,3.9,-2.7,8,-6,368,4.4,8.7,0.2,15.5,-4.5,7,8.9,13.8,3.9,20,-0.5,0,5.8,9.3,2.4,15.8,-1.4,2,2,5.8,9.8,1.8,19,-9,-3.8,-1.3,-5.6,11,-18.1,126,76,-6.7,-4.7,-9.8,7.7,-30.9,268,142,-12.1,-6.1,-18.1,1.5,-36.5
1995,"J",35.6,639,181,342,74,-13.4,-6.4,-20.4,4.9,-23.3,409,67,-12.5,-26.8,454,45,-10.7,-6.2,-15.2,3.3,-27.6,526,72,639,0.6,3.9,-2.7,8,-6,368,4.4,8.7,0.2,15.5,-4.5,7,8.9,13.8,3.9,20,-0.5,0,5.8,9.3,2.4,15.8,-1.4,2,2,5.8,9.8,1.8,19,-9,-3.8,-1.3,-5.6,11,-18.1,126,76,-6.7,-4.7,-9.8,7.7,-30.9,268,142,-12.1,-6.1,-18.1,1.5,-36.5
1995,"L",34.6,639,181,342,74,-13.4,-6.4,-20.4,4.9,-23.3,409,67,-12.5,-26.8,454,45,-10.7,-6.2,-15.2,3.3,-27.6,526,72,639,0.6,3.9,-2.7,8,-6,368,4.4,8.7,0.2,15.5,-4.5,7,8.9,13.8,3.9,20,-0.5,0,5.8,9.3,2.4,15.8,-1.4,2,2,5.8,9.8,1.8,19,-9,-3.8,-1.3,-5.6,11,-18.1,126,76,-6.7,-4.7,-9.8,7.7,-30.9,268,142,-12.1,-6.1,-18.1,1.5,-36.5
1995,"M",50.2,639,181,342,74,-13.4,-6.4,-20.4,4.9,-23.3,409,67,-12.5,-26.8,454,45,-10.7,-6.2,-15.2,3.3,-27.6,526,72,639,0.6,3.9,-2.7,8,-6,368,4.4,8.7,0.2,15.5,-4.5,7,8.9,13.8,3.9,20,-0.5,0,5.8,9.3,2.4,15.8,-1.4,2,2,5.8,9.8,1.8,19,-9,-3.8,-1.3,-5.6,11,-18.1,126,76,-6.7,-4.7,-9.8,7.7,-30.9,268,142,-12.1,-6.1,-18.1,1.5,-36.5
1995,"N",0,639,181,342,74,-13.4,-6.4,-20.4,4.9,-23.3,409,67,-12.5,-26.8,454,45,-10.7,-6.2,-15.2,3.3,-27.6,526,72,639,0.6,3.9,-2.7,8,-6,368,4.4,8.7,0.2,15.5,-4.5,7,8.9,13.8,3.9,20,-0.5,0,5.8,9.3,2.4,15.8,-1.4,2,2,5.8,9.8,1.8,19,-9,-3.8,-1.3,-5.6,11,-18.1,126,76,-6.7,-4.7,-9.8,7.7,-30.9,268,142,-12.1,-6.1,-18.1,1.5,-36.5
1995,"O",6.8,639,181,342,74,-13.4,-6.4,-20.4,4.9,-23.3,409,67,-12.5,-26.8,454,45,-10.7,-6.2,-15.2,3.3,-27.6,526,72,639,0.6,3.9,-2.7,8,-6,368,4.4,8.7,0.2,15.5,-4.5,7,8.9,13.8,3.9,20,-0.5,0,5.8,9.3,2.4,15.8,-1.4,2,2,5.8,9.8,1.8,19,-9,-3.8,-1.3,-5.6,11,-18.1,126,76,-6.7,-4.7,-9.8,7.7,-30.9,268,142,-12.1,-6.1,-18.1,1.5,-36.5
1995,"R",24.7,639,181,342,74,-13.4,-6.4,-20.4,4.9,-23.3,409,67,-12.5,-26.8,454,45,-10.7,-6.2,-15.2,3.3,-27.6,526,72,639,0.6,3.9,-2.7,8,-6,368,4.4,8.7,0.2,15.5,-4.5,7,8.9,13.8,3.9,20,-0.5,0,5.8,9.3,2.4,15.8,-1.4,2,2,5.8,9.8,1.8,19,-9,-3.8,-1.3,-5.6,11,-18.1,126,76,-6.7,-4.7,-9.8,7.7,-30.9,268,142,-12.1,-6.1,-18.1,1.5,-36.5
1995,"S",11,639,181,342,74,-13.4,-6.4,-20.4,4.9,-23.3,409,67,-12.5,-26.8,454,45,-10.7,-6.2,-15.2,3.3,-27.6,526,72,639,0.6,3.9,-2.7,8,-6,368,4.4,8.7,0.2,15.5,-4.5,7,8.9,13.8,3.9,20,-0.5,0,5.8,9.3,2.4,15.8,-1.4,2,2,5.8,9.8,1.8,19,-9,-3.8,-1.3,-5.6,11,-18.1,126,76,-6.7,-4.7,-9.8,7.7,-30.9,268,142,-12.1,-6.1,-18.1,1.5,-36.5
1995,"Y",12.4,639,181,342,74,-13.4,-6.4,-20.4,4.9,-23.3,409,67,-12.5,-26.8,454,45,-10.7,-6.2,-15.2,3.3,-27.6,526,72,639,0.6,3.9,-2.7,8,-6,368,4.4,8.7,0.2,15.5,-4.5,7,8.9,13.8,3.9,20,-0.5,0,5.8,9.3,2.4,15.8,-1.4,2,2,5.8,9.8,1.8,19,-9,-3.8,-1.3,-5.6,11,-18.1,126,76,-6.7,-4.7,-9.8,7.7,-30.9,268,142,-12.1,-6.1,-18.1,1.5,-36.5
1996,"F",52.9,411,161,222,86,-10,-6.3,-13.5,5.5,-36.5,264,42,-9.9,-16.3,330,66,-6.1,-3.3,-12.4,2.6,-24.8,396,66,411,1.5,5,-2.1,12.4,-8.4,103,3.2,6.8,-0.4,13,-4.8,0,8.2,11.9,4.4,21,-0.2,0,13.2,17.3,9,22,2,22,22,2.2,5.1,-0.6,19.8,-7.2,-2.8,0.1,-5.7,11.2,-17.7,71,44,-10.7,-7.3,-14.1,3.8,-31.7,136,65,-14.8,-11.4,-18.2,-1.5,-36.1
1996,"g",63.8,411,161,222,86,-10,-6.3,-13.5,5.5,-36.5,264,42,-9.9,-16.3,330,66,-6.1,-3.3,-12.4,2.6,-24.8,396,66,411,1.5,5,-2.1,12.4,-8.4,103,3.2,6.8,-0.4,13,-4.8,0,8.2,11.9,4.4,21,-0.2,0,13.2,17.3,9,22,2,22,22,2.2,5.1,-0.6,19.8,-7.2,-2.8,0.1,-5.7,11.2,-17.7,71,44,-10.7,-7.3,-14.1,3.8,-31.7,136,65,-14.8,-11.4,-18.2,-1.5,-36.1
1996,"G",88.3,411,161,222,86,-10,-6.3,-13.5,5.5,-36.5,264,42,-9.9,-16.3,330,66,-6.1,-3.3,-12.4,2.6,-24.8,396,66,411,1.5,5,-2.1,12.4,-8.4,103,3.2,6.8,-0.4,13,-4.8,0,8.2,11.9,4.4,21,-0.2,0,13.2,17.3,9,22,2,22,22,2.2,5.1,-0.6,19.8,-7.2,-2.8,0.1,-5.7,11.2,-17.7,71,44,-10.7,-7.3,-14.1,3.8,-31.7,136,65,-14.8,-11.4,-18.2,-1.5,-36.1
1996,"J",44.9,411,161,222,86,-10,-6.3,-13.5,5.5,-36.5,264,42,-9.9,-16.3,330,66,-6.1,-3.3,-12.4,2.6,-24.8,396,66,411,1.5,5,-2.1,12.4,-8.4,103,3.2,6.8,-0.4,13,-4.8,0,8.2,11.9,4.4,21,-0.2,0,13.2,17.3,9,22,2,22,22,2.2,5.1,-0.6,19.8,-7.2,-2.8,0.1,-5.7,11.2,-17.7,71,44,-10.7,-7.3,-14.1,3.8,-31.7,136,65,-14.8,-11.4,-18.2,-1.5,-36.1
1996,"L",92.3,411,161,222,86,-10,-6.3,-13.5,5.5,-36.5,264,42,-9.9,-16.3,330,66,-6.1,-3.3,-12.4,2.6,-24.8,396,66,411,1.5,5,-2.1,12.4,-8.4,103,3.2,6.8,-0.4,13,-4.8,0,8.2,11.9,4.4,21,-0.2,0,13.2,17.3,9,22,2,22,22,2.2,5.1,-0.6,19.8,-7.2,-2.8,0.1,-5.7,11.2,-17.7,71,44,-10.7,-7.3,-14.1,3.8,-31.7,136,65,-14.8,-11.4,-18.2,-1.5,-36.1
1996,"M",134.3,411,161,222,86,-10,-6.3,-13.5,5.5,-36.5,264,42,-9.9,-16.3,330,66,-6.1,-3.3,-12.4,2.6,-24.8,396,66,411,1.5,5,-2.1,12.4,-8.4,103,3.2,6.8,-0.4,13,-4.8,0,8.2,11.9,4.4,21,-0.2,0,13.2,17.3,9,22,2,22,22,2.2,5.1,-0.6,19.8,-7.2,-2.8,0.1,-5.7,11.2,-17.7,71,44,-10.7,-7.3,-14.1,3.8,-31.7,136,65,-14.8,-11.4,-18.2,-1.5,-36.1
1996,"N",3,411,161,222,86,-10,-6.3,-13.5,5.5,-36.5,264,42,-9.9,-16.3,330,66,-6.1,-3.3,-12.4,2.6,-24.8,396,66,411,1.5,5,-2.1,12.4,-8.4,103,3.2,6.8,-0.4,13,-4.8,0,8.2,11.9,4.4,21,-0.2,0,13.2,17.3,9,22,2,22,22,2.2,5.1,-0.6,19.8,-7.2,-2.8,0.1,-5.7,11.2,-17.7,71,44,-10.7,-7.3,-14.1,3.8,-31.7,136,65,-14.8,-11.4,-18.2,-1.5,-36.1
1996,"O",20,411,161,222,86,-10,-6.3,-13.5,5.5,-36.5,264,42,-9.9,-16.3,330,66,-6.1,-3.3,-12.4,2.6,-24.8,396,66,411,1.5,5,-2.1,12.4,-8.4,103,3.2,6.8,-0.4,13,-4.8,0,8.2,11.9,4.4,21,-0.2,0,13.2,17.3,9,22,2,22,22,2.2,5.1,-0.6,19.8,-7.2,-2.8,0.1,-5.7,11.2,-17.7,71,44,-10.7,-7.3,-14.1,3.8,-31.7,136,65,-14.8,-11.4,-18.2,-1.5,-36.1
1996,"R",6.8,411,161,222,86,-10,-6.3,-13.5,5.5,-36.5,264,42,-9.9,-16.3,330,66,-6.1,-3.3,-12.4,2.6,-24.8,396,66,411,1.5,5,-2.1,12.4,-8.4,103,3.2,6.8,-0.4,13,-4.8,0,8.2,11.9,4.4,21,-0.2,0,13.2,17.3,9,22,2,22,22,2.2,5.1,-0.6,19.8,-7.2,-2.8,0.1,-5.7,11.2,-17.7,71,44,-10.7,-7.3,-14.1,3.8,-31.7,136,65,-14.8,-11.4,-18.2,-1.5,-36.1
1996,"S",9.8,411,161,222,86,-10,-6.3,-13.5,5.5,-36.5,264,42,-9.9,-16.3,330,66,-6.1,-3.3,-12.4,2.6,-24.8,396,66,411,1.5,5,-2.1,12.4,-8.4,103,3.2,6.8,-0.4,13,-4.8,0,8.2,11.9,4.4,21,-0.2,0,13.2,17.3,9,22,2,22,22,2.2,5.1,-0.6,19.8,-7.2,-2.8,0.1,-5.7,11.2,-17.7,71,44,-10.7,-7.3,-14.1,3.8,-31.7,136,65,-14.8,-11.4,-18.2,-1.5,-36.1
1996,"Y",0,411,161,222,86,-10,-6.3,-13.5,5.5,-36.5,264,42,-9.9,-16.3,330,66,-6.1,-3.3,-12.4,2.6,-24.8,396,66,411,1.5,5,-2.1,12.4,-8.4,103,3.2,6.8,-0.4,13,-4.8,0,8.2,11.9,4.4,21,-0.2,0,13.2,17.3,9,22,2,22,22,2.2,5.1,-0.6,19.8,-7.2,-2.8,0.1,-5.7,11.2,-17.7,71,44,-10.7,-7.3,-14.1,3.8,-31.7,136,65,-14.8,-11.4,-18.2,-1.5,-36.1
1997,"F",92.6,321,143,160,90,-11.3,-7.9,-14.6,3.5,-34.4,184,24,-9.1,-14.6,242,58,-7.8,-4.3,-11.3,2.1,-24.9,321,79,181,1.9,7.4,-3.6,13.9,-14.5,30,1.1,6.9,-4.6,13.8,-1.8,0,8,13.7,2.2,24.1,-6.8,0,8.3,12.6,4.1,24,-3.1,0,0,6.6,10.2,3,18.7,-6.5,-2.3,0.5,-5.1,10.1,-11.5,39,10,-3.7,-1,-6.4,6.6,-12.4,70,31,-6.3,-3.3,-9.4,3.9,-17.5
1997,"g",132.7,321,143,160,90,-11.3,-7.9,-14.6,3.5,-34.4,184,24,-9.1,-14.6,242,58,-7.8,-4.3,-11.3,2.1,-24.9,321,79,181,1.9,7.4,-3.6,13.9,-14.5,30,1.1,6.9,-4.6,13.8,-1.8,0,8,13.7,2.2,24.1,-6.8,0,8.3,12.6,4.1,24,-3.1,0,0,6.6,10.2,3,18.7,-6.5,-2.3,0.5,-5.1,10.1,-11.5,39,10,-3.7,-1,-6.4,6.6,-12.4,70,31,-6.3,-3.3,-9.4,3.9,-17.5
1997,"G",209.3,321,143,160,90,-11.3,-7.9,-14.6,3.5,-34.4,184,24,-9.1,-14.6,242,58,-7.8,-4.3,-11.3,2.1,-24.9,321,79,181,1.9,7.4,-3.6,13.9,-14.5,30,1.1,6.9,-4.6,13.8,-1.8,0,8,13.7,2.2,24.1,-6.8,0,8.3,12.6,4.1,24,-3.1,0,0,6.6,10.2,3,18.7,-6.5,-2.3,0.5,-5.1,10.1,-11.5,39,10,-3.7,-1,-6.4,6.6,-12.4,70,31,-6.3,-3.3,-9.4,3.9,-17.5
1997,"J",92.6,321,143,160,90,-11.3,-7.9,-14.6,3.5,-34.4,184,24,-9.1,-14.6,242,58,-7.8,-4.3,-11.3,2.1,-24.9,321,79,181,1.9,7.4,-3.6,13.9,-14.5,30,1.1,6.9,-4.6,13.8,-1.8,0,8,13.7,2.2,24.1,-6.8,0,8.3,12.6,4.1,24,-3.1,0,0,6.6,10.2,3,18.7,-6.5,-2.3,0.5,-5.1,10.1,-11.5,39,10,-3.7,-1,-6.4,6.6,-12.4,70,31,-6.3,-3.3,-9.4,3.9,-17.5
1997,"L",153,321,143,160,90,-11.3,-7.9,-14.6,3.5,-34.4,184,24,-9.1,-14.6,242,58,-7.8,-4.3,-11.3,2.1,-24.9,321,79,181,1.9,7.4,-3.6,13.9,-14.5,30,1.1,6.9,-4.6,13.8,-1.8,0,8,13.7,2.2,24.1,-6.8,0,8.3,12.6,4.1,24,-3.1,0,0,6.6,10.2,3,18.7,-6.5,-2.3,0.5,-5.1,10.1,-11.5,39,10,-3.7,-1,-6.4,6.6,-12.4,70,31,-6.3,-3.3,-9.4,3.9,-17.5
1997,"M",241.4,321,143,160,90,-11.3,-7.9,-14.6,3.5,-34.4,184,24,-9.1,-14.6,242,58,-7.8,-4.3,-11.3,2.1,-24.9,321,79,181,1.9,7.4,-3.6,13.9,-14.5,30,1.1,6.9,-4.6,13.8,-1.8,0,8,13.7,2.2,24.1,-6.8,0,8.3,12.6,4.1,24,-3.1,0,0,6.6,10.2,3,18.7,-6.5,-2.3,0.5,-5.1,10.1,-11.5,39,10,-3.7,-1,-6.4,6.6,-12.4,70,31,-6.3,-3.3,-9.4,3.9,-17.5
1997,"N",28.6,321,143,160,90,-11.3,-7.9,-14.6,3.5,-34.4,184,24,-9.1,-14.6,242,58,-7.8,-4.3,-11.3,2.1,-24.9,321,79,181,1.9,7.4,-3.6,13.9,-14.5,30,1.1,6.9,-4.6,13.8,-1.8,0,8,13.7,2.2,24.1,-6.8,0,8.3,12.6,4.1,24,-3.1,0,0,6.6,10.2,3,18.7,-6.5,-2.3,0.5,-5.1,10.1,-11.5,39,10,-3.7,-1,-6.4,6.6,-12.4,70,31,-6.3,-3.3,-9.4,3.9,-17.5
1997,"O",17.5,321,143,160,90,-11.3,-7.9,-14.6,3.5,-34.4,184,24,-9.1,-14.6,242,58,-7.8,-4.3,-11.3,2.1,-24.9,321,79,181,1.9,7.4,-3.6,13.9,-14.5,30,1.1,6.9,-4.6,13.8,-1.8,0,8,13.7,2.2,24.1,-6.8,0,8.3,12.6,4.1,24,-3.1,0,0,6.6,10.2,3,18.7,-6.5,-2.3,0.5,-5.1,10.1,-11.5,39,10,-3.7,-1,-6.4,6.6,-12.4,70,31,-6.3,-3.3,-9.4,3.9,-17.5
1997,"R",6.7,321,143,160,90,-11.3,-7.9,-14.6,3.5,-34.4,184,24,-9.1,-14.6,242,58,-7.8,-4.3,-11.3,2.1,-24.9,321,79,181,1.9,7.4,-3.6,13.9,-14.5,30,1.1,6.9,-4.6,13.8,-1.8,0,8,13.7,2.2,24.1,-6.8,0,8.3,12.6,4.1,24,-3.1,0,0,6.6,10.2,3,18.7,-6.5,-2.3,0.5,-5.1,10.1,-11.5,39,10,-3.7,-1,-6.4,6.6,-12.4,70,31,-6.3,-3.3,-9.4,3.9,-17.5
1997,"S",43.7,321,143,160,90,-11.3,-7.9,-14.6,3.5,-34.4,184,24,-9.1,-14.6,242,58,-7.8,-4.3,-11.3,2.1,-24.9,321,79,181,1.9,7.4,-3.6,13.9,-14.5,30,1.1,6.9,-4.6,13.8,-1.8,0,8,13.7,2.2,24.1,-6.8,0,8.3,12.6,4.1,24,-3.1,0,0,6.6,10.2,3,18.7,-6.5,-2.3,0.5,-5.1,10.1,-11.5,39,10,-3.7,-1,-6.4,6.6,-12.4,70,31,-6.3,-3.3,-9.4,3.9,-17.5
1997,"Y",17.5,321,143,160,90,-11.3,-7.9,-14.6,3.5,-34.4,184,24,-9.1,-14.6,242,58,-7.8,-4.3,-11.3,2.1,-24.9,321,79,181,1.9,7.4,-3.6,13.9,-14.5,30,1.1,6.9,-4.6,13.8,-1.8,0,8,13.7,2.2,24.1,-6.8,0,8.3,12.6,4.1,24,-3.1,0,0,6.6,10.2,3,18.7,-6.5,-2.3,0.5,-5.1,10.1,-11.5,39,10,-3.7,-1,-6.4,6.6,-12.4,70,31,-6.3,-3.3,-9.4,3.9,-17.5
1998,"F",36.7842628841109,450,162,228,70,-9.3,-4.8,-13.8,1.4,-28.6,306,78,-12,-20.2,347,41,-4.6,2.4,-11.6,16.1,-20.7,411,64,450,3.1,9.6,-3.5,20.1,-14.5,194,3.5,6.7,0.3,15.4,-5,6,5.9,9.4,2.5,17.7,-7.2,1,6.1,13.5,-1.3,18.8,-7,0,-1,8.8,13.9,1.7,23.1,-3.8,0.8,4.1,-2.6,11.9,-6.9,53,44,-6.1,-2.8,-9.5,2.8,-18.3,158,105,-12.1,-7.8,-16.3,1.4,-40.4
1998,"g",33.6250670705244,450,162,228,70,-9.3,-4.8,-13.8,1.4,-28.6,306,78,-12,-20.2,347,41,-4.6,2.4,-11.6,16.1,-20.7,411,64,450,3.1,9.6,-3.5,20.1,-14.5,194,3.5,6.7,0.3,15.4,-5,6,5.9,9.4,2.5,17.7,-7.2,1,6.1,13.5,-1.3,18.8,-7,0,-1,8.8,13.9,1.7,23.1,-3.8,0.8,4.1,-2.6,11.9,-6.9,53,44,-6.1,-2.8,-9.5,2.8,-18.3,158,105,-12.1,-7.8,-16.3,1.4,-40.4
1998,"G",101.913777843518,450,162,228,70,-9.3,-4.8,-13.8,1.4,-28.6,306,78,-12,-20.2,347,41,-4.6,2.4,-11.6,16.1,-20.7,411,64,450,3.1,9.6,-3.5,20.1,-14.5,194,3.5,6.7,0.3,15.4,-5,6,5.9,9.4,2.5,17.7,-7.2,1,6.1,13.5,-1.3,18.8,-7,0,-1,8.8,13.9,1.7,23.1,-3.8,0.8,4.1,-2.6,11.9,-6.9,53,44,-6.1,-2.8,-9.5,2.8,-18.3,158,105,-12.1,-7.8,-16.3,1.4,-40.4
1998,"J",84.0476875981479,450,162,228,70,-9.3,-4.8,-13.8,1.4,-28.6,306,78,-12,-20.2,347,41,-4.6,2.4,-11.6,16.1,-20.7,411,64,450,3.1,9.6,-3.5,20.1,-14.5,194,3.5,6.7,0.3,15.4,-5,6,5.9,9.4,2.5,17.7,-7.2,1,6.1,13.5,-1.3,18.8,-7,0,-1,8.8,13.9,1.7,23.1,-3.8,0.8,4.1,-2.6,11.9,-6.9,53,44,-6.1,-2.8,-9.5,2.8,-18.3,158,105,-12.1,-7.8,-16.3,1.4,-40.4
1998,"L",117.253130086058,450,162,228,70,-9.3,-4.8,-13.8,1.4,-28.6,306,78,-12,-20.2,347,41,-4.6,2.4,-11.6,16.1,-20.7,411,64,450,3.1,9.6,-3.5,20.1,-14.5,194,3.5,6.7,0.3,15.4,-5,6,5.9,9.4,2.5,17.7,-7.2,1,6.1,13.5,-1.3,18.8,-7,0,-1,8.8,13.9,1.7,23.1,-3.8,0.8,4.1,-2.6,11.9,-6.9,53,44,-6.1,-2.8,-9.5,2.8,-18.3,158,105,-12.1,-7.8,-16.3,1.4,-40.4
1998,"M",124.624110868661,450,162,228,70,-9.3,-4.8,-13.8,1.4,-28.6,306,78,-12,-20.2,347,41,-4.6,2.4,-11.6,16.1,-20.7,411,64,450,3.1,9.6,-3.5,20.1,-14.5,194,3.5,6.7,0.3,15.4,-5,6,5.9,9.4,2.5,17.7,-7.2,1,6.1,13.5,-1.3,18.8,-7,0,-1,8.8,13.9,1.7,23.1,-3.8,0.8,4.1,-2.6,11.9,-6.9,53,44,-6.1,-2.8,-9.5,2.8,-18.3,158,105,-12.1,-7.8,-16.3,1.4,-40.4
1998,"N",2.66062847947737,450,162,228,70,-9.3,-4.8,-13.8,1.4,-28.6,306,78,-12,-20.2,347,41,-4.6,2.4,-11.6,16.1,-20.7,411,64,450,3.1,9.6,-3.5,20.1,-14.5,194,3.5,6.7,0.3,15.4,-5,6,5.9,9.4,2.5,17.7,-7.2,1,6.1,13.5,-1.3,18.8,-7,0,-1,8.8,13.9,1.7,23.1,-3.8,0.8,4.1,-2.6,11.9,-6.9,53,44,-6.1,-2.8,-9.5,2.8,-18.3,158,105,-12.1,-7.8,-16.3,1.4,-40.4
1998,"O",22.9976557252812,450,162,228,70,-9.3,-4.8,-13.8,1.4,-28.6,306,78,-12,-20.2,347,41,-4.6,2.4,-11.6,16.1,-20.7,411,64,450,3.1,9.6,-3.5,20.1,-14.5,194,3.5,6.7,0.3,15.4,-5,6,5.9,9.4,2.5,17.7,-7.2,1,6.1,13.5,-1.3,18.8,-7,0,-1,8.8,13.9,1.7,23.1,-3.8,0.8,4.1,-2.6,11.9,-6.9,53,44,-6.1,-2.8,-9.5,2.8,-18.3,158,105,-12.1,-7.8,-16.3,1.4,-40.4
1998,"R",0,450,162,228,70,-9.3,-4.8,-13.8,1.4,-28.6,306,78,-12,-20.2,347,41,-4.6,2.4,-11.6,16.1,-20.7,411,64,450,3.1,9.6,-3.5,20.1,-14.5,194,3.5,6.7,0.3,15.4,-5,6,5.9,9.4,2.5,17.7,-7.2,1,6.1,13.5,-1.3,18.8,-7,0,-1,8.8,13.9,1.7,23.1,-3.8,0.8,4.1,-2.6,11.9,-6.9,53,44,-6.1,-2.8,-9.5,2.8,-18.3,158,105,-12.1,-7.8,-16.3,1.4,-40.4
1998,"S",1.55611987054155,450,162,228,70,-9.3,-4.8,-13.8,1.4,-28.6,306,78,-12,-20.2,347,41,-4.6,2.4,-11.6,16.1,-20.7,411,64,450,3.1,9.6,-3.5,20.1,-14.5,194,3.5,6.7,0.3,15.4,-5,6,5.9,9.4,2.5,17.7,-7.2,1,6.1,13.5,-1.3,18.8,-7,0,-1,8.8,13.9,1.7,23.1,-3.8,0.8,4.1,-2.6,11.9,-6.9,53,44,-6.1,-2.8,-9.5,2.8,-18.3,158,105,-12.1,-7.8,-16.3,1.4,-40.4
1998,"Y",1.01659326084656,450,162,228,70,-9.3,-4.8,-13.8,1.4,-28.6,306,78,-12,-20.2,347,41,-4.6,2.4,-11.6,16.1,-20.7,411,64,450,3.1,9.6,-3.5,20.1,-14.5,194,3.5,6.7,0.3,15.4,-5,6,5.9,9.4,2.5,17.7,-7.2,1,6.1,13.5,-1.3,18.8,-7,0,-1,8.8,13.9,1.7,23.1,-3.8,0.8,4.1,-2.6,11.9,-6.9,53,44,-6.1,-2.8,-9.5,2.8,-18.3,158,105,-12.1,-7.8,-16.3,1.4,-40.4
1999,"F",100.6,430,168,217,34,-10.2,-7.6,-12.8,2.5,-20.1,299,82,-11.4,-20.8,345,46,-7.4,-4.7,-10.1,1.7,-16.3,430,85,408,-0.4,2.7,-3.4,8.8,-7.9,157,4.3,7.8,0.8,15.5,-4.1,1,9.3,13.3,5.3,22.5,-3,0,9.5,12.9,6,19.9,-3.3,4,4,3.7,7.3,0.1,17.1,-8.2,-1.7,1.2,-4.5,10.8,-14.6,146,89,-4.2,-1.5,-6.9,8.6,-15.2,183,37,-5.5,-2.8,-8.2,9.3,-20.6
1999,"g",239.3,430,168,217,34,-10.2,-7.6,-12.8,2.5,-20.1,299,82,-11.4,-20.8,345,46,-7.4,-4.7,-10.1,1.7,-16.3,430,85,408,-0.4,2.7,-3.4,8.8,-7.9,157,4.3,7.8,0.8,15.5,-4.1,1,9.3,13.3,5.3,22.5,-3,0,9.5,12.9,6,19.9,-3.3,4,4,3.7,7.3,0.1,17.1,-8.2,-1.7,1.2,-4.5,10.8,-14.6,146,89,-4.2,-1.5,-6.9,8.6,-15.2,183,37,-5.5,-2.8,-8.2,9.3,-20.6
1999,"G",463.3,430,168,217,34,-10.2,-7.6,-12.8,2.5,-20.1,299,82,-11.4,-20.8,345,46,-7.4,-4.7,-10.1,1.7,-16.3,430,85,408,-0.4,2.7,-3.4,8.8,-7.9,157,4.3,7.8,0.8,15.5,-4.1,1,9.3,13.3,5.3,22.5,-3,0,9.5,12.9,6,19.9,-3.3,4,4,3.7,7.3,0.1,17.1,-8.2,-1.7,1.2,-4.5,10.8,-14.6,146,89,-4.2,-1.5,-6.9,8.6,-15.2,183,37,-5.5,-2.8,-8.2,9.3,-20.6
1999,"J",233.1,430,168,217,34,-10.2,-7.6,-12.8,2.5,-20.1,299,82,-11.4,-20.8,345,46,-7.4,-4.7,-10.1,1.7,-16.3,430,85,408,-0.4,2.7,-3.4,8.8,-7.9,157,4.3,7.8,0.8,15.5,-4.1,1,9.3,13.3,5.3,22.5,-3,0,9.5,12.9,6,19.9,-3.3,4,4,3.7,7.3,0.1,17.1,-8.2,-1.7,1.2,-4.5,10.8,-14.6,146,89,-4.2,-1.5,-6.9,8.6,-15.2,183,37,-5.5,-2.8,-8.2,9.3,-20.6
1999,"L",375.864786300296,430,168,217,34,-10.2,-7.6,-12.8,2.5,-20.1,299,82,-11.4,-20.8,345,46,-7.4,-4.7,-10.1,1.7,-16.3,430,85,408,-0.4,2.7,-3.4,8.8,-7.9,157,4.3,7.8,0.8,15.5,-4.1,1,9.3,13.3,5.3,22.5,-3,0,9.5,12.9,6,19.9,-3.3,4,4,3.7,7.3,0.1,17.1,-8.2,-1.7,1.2,-4.5,10.8,-14.6,146,89,-4.2,-1.5,-6.9,8.6,-15.2,183,37,-5.5,-2.8,-8.2,9.3,-20.6
1999,"M",218.590949283368,430,168,217,34,-10.2,-7.6,-12.8,2.5,-20.1,299,82,-11.4,-20.8,345,46,-7.4,-4.7,-10.1,1.7,-16.3,430,85,408,-0.4,2.7,-3.4,8.8,-7.9,157,4.3,7.8,0.8,15.5,-4.1,1,9.3,13.3,5.3,22.5,-3,0,9.5,12.9,6,19.9,-3.3,4,4,3.7,7.3,0.1,17.1,-8.2,-1.7,1.2,-4.5,10.8,-14.6,146,89,-4.2,-1.5,-6.9,8.6,-15.2,183,37,-5.5,-2.8,-8.2,9.3,-20.6
1999,"N",3.2219926385285,430,168,217,34,-10.2,-7.6,-12.8,2.5,-20.1,299,82,-11.4,-20.8,345,46,-7.4,-4.7,-10.1,1.7,-16.3,430,85,408,-0.4,2.7,-3.4,8.8,-7.9,157,4.3,7.8,0.8,15.5,-4.1,1,9.3,13.3,5.3,22.5,-3,0,9.5,12.9,6,19.9,-3.3,4,4,3.7,7.3,0.1,17.1,-8.2,-1.7,1.2,-4.5,10.8,-14.6,146,89,-4.2,-1.5,-6.9,8.6,-15.2,183,37,-5.5,-2.8,-8.2,9.3,-20.6
1999,"O",51.4705704159028,430,168,217,34,-10.2,-7.6,-12.8,2.5,-20.1,299,82,-11.4,-20.8,345,46,-7.4,-4.7,-10.1,1.7,-16.3,430,85,408,-0.4,2.7,-3.4,8.8,-7.9,157,4.3,7.8,0.8,15.5,-4.1,1,9.3,13.3,5.3,22.5,-3,0,9.5,12.9,6,19.9,-3.3,4,4,3.7,7.3,0.1,17.1,-8.2,-1.7,1.2,-4.5,10.8,-14.6,146,89,-4.2,-1.5,-6.9,8.6,-15.2,183,37,-5.5,-2.8,-8.2,9.3,-20.6
1999,"R",0,430,168,217,34,-10.2,-7.6,-12.8,2.5,-20.1,299,82,-11.4,-20.8,345,46,-7.4,-4.7,-10.1,1.7,-16.3,430,85,408,-0.4,2.7,-3.4,8.8,-7.9,157,4.3,7.8,0.8,15.5,-4.1,1,9.3,13.3,5.3,22.5,-3,0,9.5,12.9,6,19.9,-3.3,4,4,3.7,7.3,0.1,17.1,-8.2,-1.7,1.2,-4.5,10.8,-14.6,146,89,-4.2,-1.5,-6.9,8.6,-15.2,183,37,-5.5,-2.8,-8.2,9.3,-20.6
1999,"S",17.459952118536,430,168,217,34,-10.2,-7.6,-12.8,2.5,-20.1,299,82,-11.4,-20.8,345,46,-7.4,-4.7,-10.1,1.7,-16.3,430,85,408,-0.4,2.7,-3.4,8.8,-7.9,157,4.3,7.8,0.8,15.5,-4.1,1,9.3,13.3,5.3,22.5,-3,0,9.5,12.9,6,19.9,-3.3,4,4,3.7,7.3,0.1,17.1,-8.2,-1.7,1.2,-4.5,10.8,-14.6,146,89,-4.2,-1.5,-6.9,8.6,-15.2,183,37,-5.5,-2.8,-8.2,9.3,-20.6
1999,"Y",4.93196931423445,430,168,217,34,-10.2,-7.6,-12.8,2.5,-20.1,299,82,-11.4,-20.8,345,46,-7.4,-4.7,-10.1,1.7,-16.3,430,85,408,-0.4,2.7,-3.4,8.8,-7.9,157,4.3,7.8,0.8,15.5,-4.1,1,9.3,13.3,5.3,22.5,-3,0,9.5,12.9,6,19.9,-3.3,4,4,3.7,7.3,0.1,17.1,-8.2,-1.7,1.2,-4.5,10.8,-14.6,146,89,-4.2,-1.5,-6.9,8.6,-15.2,183,37,-5.5,-2.8,-8.2,9.3,-20.6
2000,"F",41.8655958052029,254,146,60,26,-5.9,-3,-8.7,2.9,-13.7,83,23,-16.3,-26.2,127,44,-6.6,-3.7,-9.5,6.6,-16.2,254,127,227,1.5,5.3,-2.2,17.1,-8.1,18,4,7.3,0.7,16.8,-3.1,0,9.4,13.6,5.2,21.3,0,0,7.8,12.1,3.5,18.6,-2.4,0,0,3.3,6.6,-0.1,17,-16.2,0.2,3.6,-3.2,11.1,-14.2,15,8,-7,-3.7,-10.1,2.6,-20.9,34,19,-10.5,-6.9,-14,3.4,-33.1
2000,"g",59.2175622990439,254,146,60,26,-5.9,-3,-8.7,2.9,-13.7,83,23,-16.3,-26.2,127,44,-6.6,-3.7,-9.5,6.6,-16.2,254,127,227,1.5,5.3,-2.2,17.1,-8.1,18,4,7.3,0.7,16.8,-3.1,0,9.4,13.6,5.2,21.3,0,0,7.8,12.1,3.5,18.6,-2.4,0,0,3.3,6.6,-0.1,17,-16.2,0.2,3.6,-3.2,11.1,-14.2,15,8,-7,-3.7,-10.1,2.6,-20.9,34,19,-10.5,-6.9,-14,3.4,-33.1
2000,"G",55.3376058662206,254,146,60,26,-5.9,-3,-8.7,2.9,-13.7,83,23,-16.3,-26.2,127,44,-6.6,-3.7,-9.5,6.6,-16.2,254,127,227,1.5,5.3,-2.2,17.1,-8.1,18,4,7.3,0.7,16.8,-3.1,0,9.4,13.6,5.2,21.3,0,0,7.8,12.1,3.5,18.6,-2.4,0,0,3.3,6.6,-0.1,17,-16.2,0.2,3.6,-3.2,11.1,-14.2,15,8,-7,-3.7,-10.1,2.6,-20.9,34,19,-10.5,-6.9,-14,3.4,-33.1
2000,"J",31.1077959629346,254,146,60,26,-5.9,-3,-8.7,2.9,-13.7,83,23,-16.3,-26.2,127,44,-6.6,-3.7,-9.5,6.6,-16.2,254,127,227,1.5,5.3,-2.2,17.1,-8.1,18,4,7.3,0.7,16.8,-3.1,0,9.4,13.6,5.2,21.3,0,0,7.8,12.1,3.5,18.6,-2.4,0,0,3.3,6.6,-0.1,17,-16.2,0.2,3.6,-3.2,11.1,-14.2,15,8,-7,-3.7,-10.1,2.6,-20.9,34,19,-10.5,-6.9,-14,3.4,-33.1
2000,"L",274.736327830487,254,146,60,26,-5.9,-3,-8.7,2.9,-13.7,83,23,-16.3,-26.2,127,44,-6.6,-3.7,-9.5,6.6,-16.2,254,127,227,1.5,5.3,-2.2,17.1,-8.1,18,4,7.3,0.7,16.8,-3.1,0,9.4,13.6,5.2,21.3,0,0,7.8,12.1,3.5,18.6,-2.4,0,0,3.3,6.6,-0.1,17,-16.2,0.2,3.6,-3.2,11.1,-14.2,15,8,-7,-3.7,-10.1,2.6,-20.9,34,19,-10.5,-6.9,-14,3.4,-33.1
2000,"M",111.906169976081,254,146,60,26,-5.9,-3,-8.7,2.9,-13.7,83,23,-16.3,-26.2,127,44,-6.6,-3.7,-9.5,6.6,-16.2,254,127,227,1.5,5.3,-2.2,17.1,-8.1,18,4,7.3,0.7,16.8,-3.1,0,9.4,13.6,5.2,21.3,0,0,7.8,12.1,3.5,18.6,-2.4,0,0,3.3,6.6,-0.1,17,-16.2,0.2,3.6,-3.2,11.1,-14.2,15,8,-7,-3.7,-10.1,2.6,-20.9,34,19,-10.5,-6.9,-14,3.4,-33.1
2000,"N",6.67123192708737,254,146,60,26,-5.9,-3,-8.7,2.9,-13.7,83,23,-16.3,-26.2,127,44,-6.6,-3.7,-9.5,6.6,-16.2,254,127,227,1.5,5.3,-2.2,17.1,-8.1,18,4,7.3,0.7,16.8,-3.1,0,9.4,13.6,5.2,21.3,0,0,7.8,12.1,3.5,18.6,-2.4,0,0,3.3,6.6,-0.1,17,-16.2,0.2,3.6,-3.2,11.1,-14.2,15,8,-7,-3.7,-10.1,2.6,-20.9,34,19,-10.5,-6.9,-14,3.4,-33.1
2000,"O",21.1438153161592,254,146,60,26,-5.9,-3,-8.7,2.9,-13.7,83,23,-16.3,-26.2,127,44,-6.6,-3.7,-9.5,6.6,-16.2,254,127,227,1.5,5.3,-2.2,17.1,-8.1,18,4,7.3,0.7,16.8,-3.1,0,9.4,13.6,5.2,21.3,0,0,7.8,12.1,3.5,18.6,-2.4,0,0,3.3,6.6,-0.1,17,-16.2,0.2,3.6,-3.2,11.1,-14.2,15,8,-7,-3.7,-10.1,2.6,-20.9,34,19,-10.5,-6.9,-14,3.4,-33.1
2000,"R",0,254,146,60,26,-5.9,-3,-8.7,2.9,-13.7,83,23,-16.3,-26.2,127,44,-6.6,-3.7,-9.5,6.6,-16.2,254,127,227,1.5,5.3,-2.2,17.1,-8.1,18,4,7.3,0.7,16.8,-3.1,0,9.4,13.6,5.2,21.3,0,0,7.8,12.1,3.5,18.6,-2.4,0,0,3.3,6.6,-0.1,17,-16.2,0.2,3.6,-3.2,11.1,-14.2,15,8,-7,-3.7,-10.1,2.6,-20.9,34,19,-10.5,-6.9,-14,3.4,-33.1
2000,"S",0,254,146,60,26,-5.9,-3,-8.7,2.9,-13.7,83,23,-16.3,-26.2,127,44,-6.6,-3.7,-9.5,6.6,-16.2,254,127,227,1.5,5.3,-2.2,17.1,-8.1,18,4,7.3,0.7,16.8,-3.1,0,9.4,13.6,5.2,21.3,0,0,7.8,12.1,3.5,18.6,-2.4,0,0,3.3,6.6,-0.1,17,-16.2,0.2,3.6,-3.2,11.1,-14.2,15,8,-7,-3.7,-10.1,2.6,-20.9,34,19,-10.5,-6.9,-14,3.4,-33.1
2000,"Y",5.50891068035268,254,146,60,26,-5.9,-3,-8.7,2.9,-13.7,83,23,-16.3,-26.2,127,44,-6.6,-3.7,-9.5,6.6,-16.2,254,127,227,1.5,5.3,-2.2,17.1,-8.1,18,4,7.3,0.7,16.8,-3.1,0,9.4,13.6,5.2,21.3,0,0,7.8,12.1,3.5,18.6,-2.4,0,0,3.3,6.6,-0.1,17,-16.2,0.2,3.6,-3.2,11.1,-14.2,15,8,-7,-3.7,-10.1,2.6,-20.9,34,19,-10.5,-6.9,-14,3.4,-33.1
2001,"F",101.9,579,181,178,51,-10.4,-7.7,-13.1,0.1,-23.6,259,81,-12.9,-26.6,366,107,-13.7,-9.6,-17.6,8.6,-32.8,465,99,579,0.5,6.8,-5.8,16.1,-18.1,458,6.5,11.1,-0.1,23.1,-8.3,15,11.4,17,3.7,26,-2.8,0,11.1,15.3,6.8,22.1,0.7,0,0,6.1,9.7,2.3,19.5,-4.6,-3.2,-0.1,-6.2,10.8,-10.5,72,50,-4.1,-1.5,-6.7,5.5,-15.6,127,55,-8.7,-5.7,-11.6,5.3,-15.4
2001,"g",163,579,181,178,51,-10.4,-7.7,-13.1,0.1,-23.6,259,81,-12.9,-26.6,366,107,-13.7,-9.6,-17.6,8.6,-32.8,465,99,579,0.5,6.8,-5.8,16.1,-18.1,458,6.5,11.1,-0.1,23.1,-8.3,15,11.4,17,3.7,26,-2.8,0,11.1,15.3,6.8,22.1,0.7,0,0,6.1,9.7,2.3,19.5,-4.6,-3.2,-0.1,-6.2,10.8,-10.5,72,50,-4.1,-1.5,-6.7,5.5,-15.6,127,55,-8.7,-5.7,-11.6,5.3,-15.4
2001,"G",214.2,579,181,178,51,-10.4,-7.7,-13.1,0.1,-23.6,259,81,-12.9,-26.6,366,107,-13.7,-9.6,-17.6,8.6,-32.8,465,99,579,0.5,6.8,-5.8,16.1,-18.1,458,6.5,11.1,-0.1,23.1,-8.3,15,11.4,17,3.7,26,-2.8,0,11.1,15.3,6.8,22.1,0.7,0,0,6.1,9.7,2.3,19.5,-4.6,-3.2,-0.1,-6.2,10.8,-10.5,72,50,-4.1,-1.5,-6.7,5.5,-15.6,127,55,-8.7,-5.7,-11.6,5.3,-15.4
2001,"J",145.5,579,181,178,51,-10.4,-7.7,-13.1,0.1,-23.6,259,81,-12.9,-26.6,366,107,-13.7,-9.6,-17.6,8.6,-32.8,465,99,579,0.5,6.8,-5.8,16.1,-18.1,458,6.5,11.1,-0.1,23.1,-8.3,15,11.4,17,3.7,26,-2.8,0,11.1,15.3,6.8,22.1,0.7,0,0,6.1,9.7,2.3,19.5,-4.6,-3.2,-0.1,-6.2,10.8,-10.5,72,50,-4.1,-1.5,-6.7,5.5,-15.6,127,55,-8.7,-5.7,-11.6,5.3,-15.4
2001,"L",253.9,579,181,178,51,-10.4,-7.7,-13.1,0.1,-23.6,259,81,-12.9,-26.6,366,107,-13.7,-9.6,-17.6,8.6,-32.8,465,99,579,0.5,6.8,-5.8,16.1,-18.1,458,6.5,11.1,-0.1,23.1,-8.3,15,11.4,17,3.7,26,-2.8,0,11.1,15.3,6.8,22.1,0.7,0,0,6.1,9.7,2.3,19.5,-4.6,-3.2,-0.1,-6.2,10.8,-10.5,72,50,-4.1,-1.5,-6.7,5.5,-15.6,127,55,-8.7,-5.7,-11.6,5.3,-15.4
2001,"M",295.7,579,181,178,51,-10.4,-7.7,-13.1,0.1,-23.6,259,81,-12.9,-26.6,366,107,-13.7,-9.6,-17.6,8.6,-32.8,465,99,579,0.5,6.8,-5.8,16.1,-18.1,458,6.5,11.1,-0.1,23.1,-8.3,15,11.4,17,3.7,26,-2.8,0,11.1,15.3,6.8,22.1,0.7,0,0,6.1,9.7,2.3,19.5,-4.6,-3.2,-0.1,-6.2,10.8,-10.5,72,50,-4.1,-1.5,-6.7,5.5,-15.6,127,55,-8.7,-5.7,-11.6,5.3,-15.4
2001,"N",11,579,181,178,51,-10.4,-7.7,-13.1,0.1,-23.6,259,81,-12.9,-26.6,366,107,-13.7,-9.6,-17.6,8.6,-32.8,465,99,579,0.5,6.8,-5.8,16.1,-18.1,458,6.5,11.1,-0.1,23.1,-8.3,15,11.4,17,3.7,26,-2.8,0,11.1,15.3,6.8,22.1,0.7,0,0,6.1,9.7,2.3,19.5,-4.6,-3.2,-0.1,-6.2,10.8,-10.5,72,50,-4.1,-1.5,-6.7,5.5,-15.6,127,55,-8.7,-5.7,-11.6,5.3,-15.4
2001,"O",217.9,579,181,178,51,-10.4,-7.7,-13.1,0.1,-23.6,259,81,-12.9,-26.6,366,107,-13.7,-9.6,-17.6,8.6,-32.8,465,99,579,0.5,6.8,-5.8,16.1,-18.1,458,6.5,11.1,-0.1,23.1,-8.3,15,11.4,17,3.7,26,-2.8,0,11.1,15.3,6.8,22.1,0.7,0,0,6.1,9.7,2.3,19.5,-4.6,-3.2,-0.1,-6.2,10.8,-10.5,72,50,-4.1,-1.5,-6.7,5.5,-15.6,127,55,-8.7,-5.7,-11.6,5.3,-15.4
2001,"R",58.2,579,181,178,51,-10.4,-7.7,-13.1,0.1,-23.6,259,81,-12.9,-26.6,366,107,-13.7,-9.6,-17.6,8.6,-32.8,465,99,579,0.5,6.8,-5.8,16.1,-18.1,458,6.5,11.1,-0.1,23.1,-8.3,15,11.4,17,3.7,26,-2.8,0,11.1,15.3,6.8,22.1,0.7,0,0,6.1,9.7,2.3,19.5,-4.6,-3.2,-0.1,-6.2,10.8,-10.5,72,50,-4.1,-1.5,-6.7,5.5,-15.6,127,55,-8.7,-5.7,-11.6,5.3,-15.4
2001,"S",38.9,579,181,178,51,-10.4,-7.7,-13.1,0.1,-23.6,259,81,-12.9,-26.6,366,107,-13.7,-9.6,-17.6,8.6,-32.8,465,99,579,0.5,6.8,-5.8,16.1,-18.1,458,6.5,11.1,-0.1,23.1,-8.3,15,11.4,17,3.7,26,-2.8,0,11.1,15.3,6.8,22.1,0.7,0,0,6.1,9.7,2.3,19.5,-4.6,-3.2,-0.1,-6.2,10.8,-10.5,72,50,-4.1,-1.5,-6.7,5.5,-15.6,127,55,-8.7,-5.7,-11.6,5.3,-15.4
2001,"Y",21.3,579,181,178,51,-10.4,-7.7,-13.1,0.1,-23.6,259,81,-12.9,-26.6,366,107,-13.7,-9.6,-17.6,8.6,-32.8,465,99,579,0.5,6.8,-5.8,16.1,-18.1,458,6.5,11.1,-0.1,23.1,-8.3,15,11.4,17,3.7,26,-2.8,0,11.1,15.3,6.8,22.1,0.7,0,0,6.1,9.7,2.3,19.5,-4.6,-3.2,-0.1,-6.2,10.8,-10.5,72,50,-4.1,-1.5,-6.7,5.5,-15.6,127,55,-8.7,-5.7,-11.6,5.3,-15.4
2002,"F",61.1,391,155,122,35,-5.9,-2.4,-9.3,14,-25.8,165,43,-11.8,-25.8,245,80,-9.5,-5.8,-12.9,2.6,-35.2,343,98,391,0,3.3,-3.3,14.9,-11.6,48,6,9.6,2.4,18.7,-2.1,0,11.3,15.6,6.9,23,-0.4,0,7.2,11.1,3.3,18.9,-4.6,0,0,3.2,6.3,0.1,16.5,-6.9,-3.1,0.5,-6.7,6.5,-19.9,79,79,-1.8,0.9,-4.5,9,-12,87,8,-6.9,-3.9,-9.8,5.8,-15.6
2002,"g",62.4,391,155,122,35,-5.9,-2.4,-9.3,14,-25.8,165,43,-11.8,-25.8,245,80,-9.5,-5.8,-12.9,2.6,-35.2,343,98,391,0,3.3,-3.3,14.9,-11.6,48,6,9.6,2.4,18.7,-2.1,0,11.3,15.6,6.9,23,-0.4,0,7.2,11.1,3.3,18.9,-4.6,0,0,3.2,6.3,0.1,16.5,-6.9,-3.1,0.5,-6.7,6.5,-19.9,79,79,-1.8,0.9,-4.5,9,-12,87,8,-6.9,-3.9,-9.8,5.8,-15.6
2002,"G",24.2,391,155,122,35,-5.9,-2.4,-9.3,14,-25.8,165,43,-11.8,-25.8,245,80,-9.5,-5.8,-12.9,2.6,-35.2,343,98,391,0,3.3,-3.3,14.9,-11.6,48,6,9.6,2.4,18.7,-2.1,0,11.3,15.6,6.9,23,-0.4,0,7.2,11.1,3.3,18.9,-4.6,0,0,3.2,6.3,0.1,16.5,-6.9,-3.1,0.5,-6.7,6.5,-19.9,79,79,-1.8,0.9,-4.5,9,-12,87,8,-6.9,-3.9,-9.8,5.8,-15.6
2002,"J",122.611730247183,391,155,122,35,-5.9,-2.4,-9.3,14,-25.8,165,43,-11.8,-25.8,245,80,-9.5,-5.8,-12.9,2.6,-35.2,343,98,391,0,3.3,-3.3,14.9,-11.6,48,6,9.6,2.4,18.7,-2.1,0,11.3,15.6,6.9,23,-0.4,0,7.2,11.1,3.3,18.9,-4.6,0,0,3.2,6.3,0.1,16.5,-6.9,-3.1,0.5,-6.7,6.5,-19.9,79,79,-1.8,0.9,-4.5,9,-12,87,8,-6.9,-3.9,-9.8,5.8,-15.6
2002,"L",160.2,391,155,122,35,-5.9,-2.4,-9.3,14,-25.8,165,43,-11.8,-25.8,245,80,-9.5,-5.8,-12.9,2.6,-35.2,343,98,391,0,3.3,-3.3,14.9,-11.6,48,6,9.6,2.4,18.7,-2.1,0,11.3,15.6,6.9,23,-0.4,0,7.2,11.1,3.3,18.9,-4.6,0,0,3.2,6.3,0.1,16.5,-6.9,-3.1,0.5,-6.7,6.5,-19.9,79,79,-1.8,0.9,-4.5,9,-12,87,8,-6.9,-3.9,-9.8,5.8,-15.6
2002,"M",148.1,391,155,122,35,-5.9,-2.4,-9.3,14,-25.8,165,43,-11.8,-25.8,245,80,-9.5,-5.8,-12.9,2.6,-35.2,343,98,391,0,3.3,-3.3,14.9,-11.6,48,6,9.6,2.4,18.7,-2.1,0,11.3,15.6,6.9,23,-0.4,0,7.2,11.1,3.3,18.9,-4.6,0,0,3.2,6.3,0.1,16.5,-6.9,-3.1,0.5,-6.7,6.5,-19.9,79,79,-1.8,0.9,-4.5,9,-12,87,8,-6.9,-3.9,-9.8,5.8,-15.6
2002,"N",4.4,391,155,122,35,-5.9,-2.4,-9.3,14,-25.8,165,43,-11.8,-25.8,245,80,-9.5,-5.8,-12.9,2.6,-35.2,343,98,391,0,3.3,-3.3,14.9,-11.6,48,6,9.6,2.4,18.7,-2.1,0,11.3,15.6,6.9,23,-0.4,0,7.2,11.1,3.3,18.9,-4.6,0,0,3.2,6.3,0.1,16.5,-6.9,-3.1,0.5,-6.7,6.5,-19.9,79,79,-1.8,0.9,-4.5,9,-12,87,8,-6.9,-3.9,-9.8,5.8,-15.6
2002,"O",37.3,391,155,122,35,-5.9,-2.4,-9.3,14,-25.8,165,43,-11.8,-25.8,245,80,-9.5,-5.8,-12.9,2.6,-35.2,343,98,391,0,3.3,-3.3,14.9,-11.6,48,6,9.6,2.4,18.7,-2.1,0,11.3,15.6,6.9,23,-0.4,0,7.2,11.1,3.3,18.9,-4.6,0,0,3.2,6.3,0.1,16.5,-6.9,-3.1,0.5,-6.7,6.5,-19.9,79,79,-1.8,0.9,-4.5,9,-12,87,8,-6.9,-3.9,-9.8,5.8,-15.6
2002,"R",10,391,155,122,35,-5.9,-2.4,-9.3,14,-25.8,165,43,-11.8,-25.8,245,80,-9.5,-5.8,-12.9,2.6,-35.2,343,98,391,0,3.3,-3.3,14.9,-11.6,48,6,9.6,2.4,18.7,-2.1,0,11.3,15.6,6.9,23,-0.4,0,7.2,11.1,3.3,18.9,-4.6,0,0,3.2,6.3,0.1,16.5,-6.9,-3.1,0.5,-6.7,6.5,-19.9,79,79,-1.8,0.9,-4.5,9,-12,87,8,-6.9,-3.9,-9.8,5.8,-15.6
2002,"S",45.7,391,155,122,35,-5.9,-2.4,-9.3,14,-25.8,165,43,-11.8,-25.8,245,80,-9.5,-5.8,-12.9,2.6,-35.2,343,98,391,0,3.3,-3.3,14.9,-11.6,48,6,9.6,2.4,18.7,-2.1,0,11.3,15.6,6.9,23,-0.4,0,7.2,11.1,3.3,18.9,-4.6,0,0,3.2,6.3,0.1,16.5,-6.9,-3.1,0.5,-6.7,6.5,-19.9,79,79,-1.8,0.9,-4.5,9,-12,87,8,-6.9,-3.9,-9.8,5.8,-15.6
2002,"Y",5,391,155,122,35,-5.9,-2.4,-9.3,14,-25.8,165,43,-11.8,-25.8,245,80,-9.5,-5.8,-12.9,2.6,-35.2,343,98,391,0,3.3,-3.3,14.9,-11.6,48,6,9.6,2.4,18.7,-2.1,0,11.3,15.6,6.9,23,-0.4,0,7.2,11.1,3.3,18.9,-4.6,0,0,3.2,6.3,0.1,16.5,-6.9,-3.1,0.5,-6.7,6.5,-19.9,79,79,-1.8,0.9,-4.5,9,-12,87,8,-6.9,-3.9,-9.8,5.8,-15.6
2003,"F",3.4,392,171,148,11,-10.9,-7.2,-14.6,1,-34.1,189,41,-9,-16.7,229,40,-5.4,-2.3,-8.6,9.1,-16.8,301,72,392,-0.4,2.9,-3.8,9.8,-11.2,201,5.7,9.4,1.9,17.7,-3.2,0,9.9,13.9,5.9,22,0,0,12.5,18.6,4.4,26.7,-1.7,9,9,4.2,7.9,0.5,19,-11,0.3,3.9,-3.4,17.1,-21.7,65,61,-10.3,-7.3,-13.3,1.9,-27,137,72,-7.9,-5,-10.8,6,-18.7
2003,"g",6.8,392,171,148,11,-10.9,-7.2,-14.6,1,-34.1,189,41,-9,-16.7,229,40,-5.4,-2.3,-8.6,9.1,-16.8,301,72,392,-0.4,2.9,-3.8,9.8,-11.2,201,5.7,9.4,1.9,17.7,-3.2,0,9.9,13.9,5.9,22,0,0,12.5,18.6,4.4,26.7,-1.7,9,9,4.2,7.9,0.5,19,-11,0.3,3.9,-3.4,17.1,-21.7,65,61,-10.3,-7.3,-13.3,1.9,-27,137,72,-7.9,-5,-10.8,6,-18.7
2003,"G",4.4,392,171,148,11,-10.9,-7.2,-14.6,1,-34.1,189,41,-9,-16.7,229,40,-5.4,-2.3,-8.6,9.1,-16.8,301,72,392,-0.4,2.9,-3.8,9.8,-11.2,201,5.7,9.4,1.9,17.7,-3.2,0,9.9,13.9,5.9,22,0,0,12.5,18.6,4.4,26.7,-1.7,9,9,4.2,7.9,0.5,19,-11,0.3,3.9,-3.4,17.1,-21.7,65,61,-10.3,-7.3,-13.3,1.9,-27,137,72,-7.9,-5,-10.8,6,-18.7
2003,"J",27.9,392,171,148,11,-10.9,-7.2,-14.6,1,-34.1,189,41,-9,-16.7,229,40,-5.4,-2.3,-8.6,9.1,-16.8,301,72,392,-0.4,2.9,-3.8,9.8,-11.2,201,5.7,9.4,1.9,17.7,-3.2,0,9.9,13.9,5.9,22,0,0,12.5,18.6,4.4,26.7,-1.7,9,9,4.2,7.9,0.5,19,-11,0.3,3.9,-3.4,17.1,-21.7,65,61,-10.3,-7.3,-13.3,1.9,-27,137,72,-7.9,-5,-10.8,6,-18.7
2003,"L",20,392,171,148,11,-10.9,-7.2,-14.6,1,-34.1,189,41,-9,-16.7,229,40,-5.4,-2.3,-8.6,9.1,-16.8,301,72,392,-0.4,2.9,-3.8,9.8,-11.2,201,5.7,9.4,1.9,17.7,-3.2,0,9.9,13.9,5.9,22,0,0,12.5,18.6,4.4,26.7,-1.7,9,9,4.2,7.9,0.5,19,-11,0.3,3.9,-3.4,17.1,-21.7,65,61,-10.3,-7.3,-13.3,1.9,-27,137,72,-7.9,-5,-10.8,6,-18.7
2003,"M",44.9,392,171,148,11,-10.9,-7.2,-14.6,1,-34.1,189,41,-9,-16.7,229,40,-5.4,-2.3,-8.6,9.1,-16.8,301,72,392,-0.4,2.9,-3.8,9.8,-11.2,201,5.7,9.4,1.9,17.7,-3.2,0,9.9,13.9,5.9,22,0,0,12.5,18.6,4.4,26.7,-1.7,9,9,4.2,7.9,0.5,19,-11,0.3,3.9,-3.4,17.1,-21.7,65,61,-10.3,-7.3,-13.3,1.9,-27,137,72,-7.9,-5,-10.8,6,-18.7
2003,"N",0,392,171,148,11,-10.9,-7.2,-14.6,1,-34.1,189,41,-9,-16.7,229,40,-5.4,-2.3,-8.6,9.1,-16.8,301,72,392,-0.4,2.9,-3.8,9.8,-11.2,201,5.7,9.4,1.9,17.7,-3.2,0,9.9,13.9,5.9,22,0,0,12.5,18.6,4.4,26.7,-1.7,9,9,4.2,7.9,0.5,19,-11,0.3,3.9,-3.4,17.1,-21.7,65,61,-10.3,-7.3,-13.3,1.9,-27,137,72,-7.9,-5,-10.8,6,-18.7
2003,"O",3.4,392,171,148,11,-10.9,-7.2,-14.6,1,-34.1,189,41,-9,-16.7,229,40,-5.4,-2.3,-8.6,9.1,-16.8,301,72,392,-0.4,2.9,-3.8,9.8,-11.2,201,5.7,9.4,1.9,17.7,-3.2,0,9.9,13.9,5.9,22,0,0,12.5,18.6,4.4,26.7,-1.7,9,9,4.2,7.9,0.5,19,-11,0.3,3.9,-3.4,17.1,-21.7,65,61,-10.3,-7.3,-13.3,1.9,-27,137,72,-7.9,-5,-10.8,6,-18.7
2003,"R",3,392,171,148,11,-10.9,-7.2,-14.6,1,-34.1,189,41,-9,-16.7,229,40,-5.4,-2.3,-8.6,9.1,-16.8,301,72,392,-0.4,2.9,-3.8,9.8,-11.2,201,5.7,9.4,1.9,17.7,-3.2,0,9.9,13.9,5.9,22,0,0,12.5,18.6,4.4,26.7,-1.7,9,9,4.2,7.9,0.5,19,-11,0.3,3.9,-3.4,17.1,-21.7,65,61,-10.3,-7.3,-13.3,1.9,-27,137,72,-7.9,-5,-10.8,6,-18.7
2003,"S",17.1,392,171,148,11,-10.9,-7.2,-14.6,1,-34.1,189,41,-9,-16.7,229,40,-5.4,-2.3,-8.6,9.1,-16.8,301,72,392,-0.4,2.9,-3.8,9.8,-11.2,201,5.7,9.4,1.9,17.7,-3.2,0,9.9,13.9,5.9,22,0,0,12.5,18.6,4.4,26.7,-1.7,9,9,4.2,7.9,0.5,19,-11,0.3,3.9,-3.4,17.1,-21.7,65,61,-10.3,-7.3,-13.3,1.9,-27,137,72,-7.9,-5,-10.8,6,-18.7
2003,"Y",0,392,171,148,11,-10.9,-7.2,-14.6,1,-34.1,189,41,-9,-16.7,229,40,-5.4,-2.3,-8.6,9.1,-16.8,301,72,392,-0.4,2.9,-3.8,9.8,-11.2,201,5.7,9.4,1.9,17.7,-3.2,0,9.9,13.9,5.9,22,0,0,12.5,18.6,4.4,26.7,-1.7,9,9,4.2,7.9,0.5,19,-11,0.3,3.9,-3.4,17.1,-21.7,65,61,-10.3,-7.3,-13.3,1.9,-27,137,72,-7.9,-5,-10.8,6,-18.7
2004,"F",7.9,308,147,177,54,-10.1,-6.7,-13.4,4.6,-31.6,228,51,-10.5,-18.3,250,22,-6.9,-3.6,-10.1,5.2,-20.7,308,58,240,2.6,5.9,-0.8,13.5,-10.3,42,3.7,6.5,0.9,17.8,-2,0,8.3,12.1,4.5,19.1,0,15,8.9,12.5,5.1,21.8,0.1,0,-15,2.7,5.8,-0.6,12.3,-6.2,-1.3,1.9,-4.4,11.7,-12.6,72,32,-5,-2.1,-7.8,6.1,-14.4,123,51,-7.6,-4.2,-10.9,1.4,-24.1
2004,"g",25.4,308,147,177,54,-10.1,-6.7,-13.4,4.6,-31.6,228,51,-10.5,-18.3,250,22,-6.9,-3.6,-10.1,5.2,-20.7,308,58,240,2.6,5.9,-0.8,13.5,-10.3,42,3.7,6.5,0.9,17.8,-2,0,8.3,12.1,4.5,19.1,0,15,8.9,12.5,5.1,21.8,0.1,0,-15,2.7,5.8,-0.6,12.3,-6.2,-1.3,1.9,-4.4,11.7,-12.6,72,32,-5,-2.1,-7.8,6.1,-14.4,123,51,-7.6,-4.2,-10.9,1.4,-24.1
2004,"G",7.9,308,147,177,54,-10.1,-6.7,-13.4,4.6,-31.6,228,51,-10.5,-18.3,250,22,-6.9,-3.6,-10.1,5.2,-20.7,308,58,240,2.6,5.9,-0.8,13.5,-10.3,42,3.7,6.5,0.9,17.8,-2,0,8.3,12.1,4.5,19.1,0,15,8.9,12.5,5.1,21.8,0.1,0,-15,2.7,5.8,-0.6,12.3,-6.2,-1.3,1.9,-4.4,11.7,-12.6,72,32,-5,-2.1,-7.8,6.1,-14.4,123,51,-7.6,-4.2,-10.9,1.4,-24.1
2004,"J",36.9,308,147,177,54,-10.1,-6.7,-13.4,4.6,-31.6,228,51,-10.5,-18.3,250,22,-6.9,-3.6,-10.1,5.2,-20.7,308,58,240,2.6,5.9,-0.8,13.5,-10.3,42,3.7,6.5,0.9,17.8,-2,0,8.3,12.1,4.5,19.1,0,15,8.9,12.5,5.1,21.8,0.1,0,-15,2.7,5.8,-0.6,12.3,-6.2,-1.3,1.9,-4.4,11.7,-12.6,72,32,-5,-2.1,-7.8,6.1,-14.4,123,51,-7.6,-4.2,-10.9,1.4,-24.1
2004,"L",44.7,308,147,177,54,-10.1,-6.7,-13.4,4.6,-31.6,228,51,-10.5,-18.3,250,22,-6.9,-3.6,-10.1,5.2,-20.7,308,58,240,2.6,5.9,-0.8,13.5,-10.3,42,3.7,6.5,0.9,17.8,-2,0,8.3,12.1,4.5,19.1,0,15,8.9,12.5,5.1,21.8,0.1,0,-15,2.7,5.8,-0.6,12.3,-6.2,-1.3,1.9,-4.4,11.7,-12.6,72,32,-5,-2.1,-7.8,6.1,-14.4,123,51,-7.6,-4.2,-10.9,1.4,-24.1
2004,"M",57.9,308,147,177,54,-10.1,-6.7,-13.4,4.6,-31.6,228,51,-10.5,-18.3,250,22,-6.9,-3.6,-10.1,5.2,-20.7,308,58,240,2.6,5.9,-0.8,13.5,-10.3,42,3.7,6.5,0.9,17.8,-2,0,8.3,12.1,4.5,19.1,0,15,8.9,12.5,5.1,21.8,0.1,0,-15,2.7,5.8,-0.6,12.3,-6.2,-1.3,1.9,-4.4,11.7,-12.6,72,32,-5,-2.1,-7.8,6.1,-14.4,123,51,-7.6,-4.2,-10.9,1.4,-24.1
2004,"N",0,308,147,177,54,-10.1,-6.7,-13.4,4.6,-31.6,228,51,-10.5,-18.3,250,22,-6.9,-3.6,-10.1,5.2,-20.7,308,58,240,2.6,5.9,-0.8,13.5,-10.3,42,3.7,6.5,0.9,17.8,-2,0,8.3,12.1,4.5,19.1,0,15,8.9,12.5,5.1,21.8,0.1,0,-15,2.7,5.8,-0.6,12.3,-6.2,-1.3,1.9,-4.4,11.7,-12.6,72,32,-5,-2.1,-7.8,6.1,-14.4,123,51,-7.6,-4.2,-10.9,1.4,-24.1
2004,"O",5.2,308,147,177,54,-10.1,-6.7,-13.4,4.6,-31.6,228,51,-10.5,-18.3,250,22,-6.9,-3.6,-10.1,5.2,-20.7,308,58,240,2.6,5.9,-0.8,13.5,-10.3,42,3.7,6.5,0.9,17.8,-2,0,8.3,12.1,4.5,19.1,0,15,8.9,12.5,5.1,21.8,0.1,0,-15,2.7,5.8,-0.6,12.3,-6.2,-1.3,1.9,-4.4,11.7,-12.6,72,32,-5,-2.1,-7.8,6.1,-14.4,123,51,-7.6,-4.2,-10.9,1.4,-24.1
2004,"R",1.4,308,147,177,54,-10.1,-6.7,-13.4,4.6,-31.6,228,51,-10.5,-18.3,250,22,-6.9,-3.6,-10.1,5.2,-20.7,308,58,240,2.6,5.9,-0.8,13.5,-10.3,42,3.7,6.5,0.9,17.8,-2,0,8.3,12.1,4.5,19.1,0,15,8.9,12.5,5.1,21.8,0.1,0,-15,2.7,5.8,-0.6,12.3,-6.2,-1.3,1.9,-4.4,11.7,-12.6,72,32,-5,-2.1,-7.8,6.1,-14.4,123,51,-7.6,-4.2,-10.9,1.4,-24.1
2004,"S",7.2,308,147,177,54,-10.1,-6.7,-13.4,4.6,-31.6,228,51,-10.5,-18.3,250,22,-6.9,-3.6,-10.1,5.2,-20.7,308,58,240,2.6,5.9,-0.8,13.5,-10.3,42,3.7,6.5,0.9,17.8,-2,0,8.3,12.1,4.5,19.1,0,15,8.9,12.5,5.1,21.8,0.1,0,-15,2.7,5.8,-0.6,12.3,-6.2,-1.3,1.9,-4.4,11.7,-12.6,72,32,-5,-2.1,-7.8,6.1,-14.4,123,51,-7.6,-4.2,-10.9,1.4,-24.1
2004,"Y",0,308,147,177,54,-10.1,-6.7,-13.4,4.6,-31.6,228,51,-10.5,-18.3,250,22,-6.9,-3.6,-10.1,5.2,-20.7,308,58,240,2.6,5.9,-0.8,13.5,-10.3,42,3.7,6.5,0.9,17.8,-2,0,8.3,12.1,4.5,19.1,0,15,8.9,12.5,5.1,21.8,0.1,0,-15,2.7,5.8,-0.6,12.3,-6.2,-1.3,1.9,-4.4,11.7,-12.6,72,32,-5,-2.1,-7.8,6.1,-14.4,123,51,-7.6,-4.2,-10.9,1.4,-24.1
2005,"F",28.27,351,153,227,36,-7.8,-5.8,-9.7,2.7,-14.2,273,46,-14.2,-31.4,313,40,-7.9,-4.8,-10.9,0.6,-21.7,351,38,313,3,6.4,-0.4,16.8,-7.8,47,7.3,10.6,4,20.4,-1,0,11.7,15.9,7.5,24.5,-0.2,0,7.8,11.9,3.7,18.7,-3.1,64,64,2.1,5.1,-1,13.6,-6.2,-0.8,1.7,-3.3,11.1,-7.4,164,61,-5.7,-3,-8.3,8.9,-22.1,191,27,-7.7,-4.7,-10.8,3.3,-24.1
2005,"g",47.32,351,153,227,36,-7.8,-5.8,-9.7,2.7,-14.2,273,46,-14.2,-31.4,313,40,-7.9,-4.8,-10.9,0.6,-21.7,351,38,313,3,6.4,-0.4,16.8,-7.8,47,7.3,10.6,4,20.4,-1,0,11.7,15.9,7.5,24.5,-0.2,0,7.8,11.9,3.7,18.7,-3.1,64,64,2.1,5.1,-1,13.6,-6.2,-0.8,1.7,-3.3,11.1,-7.4,164,61,-5.7,-3,-8.3,8.9,-22.1,191,27,-7.7,-4.7,-10.8,3.3,-24.1
2005,"G",41.53,351,153,227,36,-7.8,-5.8,-9.7,2.7,-14.2,273,46,-14.2,-31.4,313,40,-7.9,-4.8,-10.9,0.6,-21.7,351,38,313,3,6.4,-0.4,16.8,-7.8,47,7.3,10.6,4,20.4,-1,0,11.7,15.9,7.5,24.5,-0.2,0,7.8,11.9,3.7,18.7,-3.1,64,64,2.1,5.1,-1,13.6,-6.2,-0.8,1.7,-3.3,11.1,-7.4,164,61,-5.7,-3,-8.3,8.9,-22.1,191,27,-7.7,-4.7,-10.8,3.3,-24.1
2005,"J",188.31,351,153,227,36,-7.8,-5.8,-9.7,2.7,-14.2,273,46,-14.2,-31.4,313,40,-7.9,-4.8,-10.9,0.6,-21.7,351,38,313,3,6.4,-0.4,16.8,-7.8,47,7.3,10.6,4,20.4,-1,0,11.7,15.9,7.5,24.5,-0.2,0,7.8,11.9,3.7,18.7,-3.1,64,64,2.1,5.1,-1,13.6,-6.2,-0.8,1.7,-3.3,11.1,-7.4,164,61,-5.7,-3,-8.3,8.9,-22.1,191,27,-7.7,-4.7,-10.8,3.3,-24.1
2005,"L",135.59,351,153,227,36,-7.8,-5.8,-9.7,2.7,-14.2,273,46,-14.2,-31.4,313,40,-7.9,-4.8,-10.9,0.6,-21.7,351,38,313,3,6.4,-0.4,16.8,-7.8,47,7.3,10.6,4,20.4,-1,0,11.7,15.9,7.5,24.5,-0.2,0,7.8,11.9,3.7,18.7,-3.1,64,64,2.1,5.1,-1,13.6,-6.2,-0.8,1.7,-3.3,11.1,-7.4,164,61,-5.7,-3,-8.3,8.9,-22.1,191,27,-7.7,-4.7,-10.8,3.3,-24.1
2005,"M",250.88,351,153,227,36,-7.8,-5.8,-9.7,2.7,-14.2,273,46,-14.2,-31.4,313,40,-7.9,-4.8,-10.9,0.6,-21.7,351,38,313,3,6.4,-0.4,16.8,-7.8,47,7.3,10.6,4,20.4,-1,0,11.7,15.9,7.5,24.5,-0.2,0,7.8,11.9,3.7,18.7,-3.1,64,64,2.1,5.1,-1,13.6,-6.2,-0.8,1.7,-3.3,11.1,-7.4,164,61,-5.7,-3,-8.3,8.9,-22.1,191,27,-7.7,-4.7,-10.8,3.3,-24.1
2005,"N",1.26,351,153,227,36,-7.8,-5.8,-9.7,2.7,-14.2,273,46,-14.2,-31.4,313,40,-7.9,-4.8,-10.9,0.6,-21.7,351,38,313,3,6.4,-0.4,16.8,-7.8,47,7.3,10.6,4,20.4,-1,0,11.7,15.9,7.5,24.5,-0.2,0,7.8,11.9,3.7,18.7,-3.1,64,64,2.1,5.1,-1,13.6,-6.2,-0.8,1.7,-3.3,11.1,-7.4,164,61,-5.7,-3,-8.3,8.9,-22.1,191,27,-7.7,-4.7,-10.8,3.3,-24.1
2005,"O",13,351,153,227,36,-7.8,-5.8,-9.7,2.7,-14.2,273,46,-14.2,-31.4,313,40,-7.9,-4.8,-10.9,0.6,-21.7,351,38,313,3,6.4,-0.4,16.8,-7.8,47,7.3,10.6,4,20.4,-1,0,11.7,15.9,7.5,24.5,-0.2,0,7.8,11.9,3.7,18.7,-3.1,64,64,2.1,5.1,-1,13.6,-6.2,-0.8,1.7,-3.3,11.1,-7.4,164,61,-5.7,-3,-8.3,8.9,-22.1,191,27,-7.7,-4.7,-10.8,3.3,-24.1
2005,"R",8.87,351,153,227,36,-7.8,-5.8,-9.7,2.7,-14.2,273,46,-14.2,-31.4,313,40,-7.9,-4.8,-10.9,0.6,-21.7,351,38,313,3,6.4,-0.4,16.8,-7.8,47,7.3,10.6,4,20.4,-1,0,11.7,15.9,7.5,24.5,-0.2,0,7.8,11.9,3.7,18.7,-3.1,64,64,2.1,5.1,-1,13.6,-6.2,-0.8,1.7,-3.3,11.1,-7.4,164,61,-5.7,-3,-8.3,8.9,-22.1,191,27,-7.7,-4.7,-10.8,3.3,-24.1
2005,"S",23.19,351,153,227,36,-7.8,-5.8,-9.7,2.7,-14.2,273,46,-14.2,-31.4,313,40,-7.9,-4.8,-10.9,0.6,-21.7,351,38,313,3,6.4,-0.4,16.8,-7.8,47,7.3,10.6,4,20.4,-1,0,11.7,15.9,7.5,24.5,-0.2,0,7.8,11.9,3.7,18.7,-3.1,64,64,2.1,5.1,-1,13.6,-6.2,-0.8,1.7,-3.3,11.1,-7.4,164,61,-5.7,-3,-8.3,8.9,-22.1,191,27,-7.7,-4.7,-10.8,3.3,-24.1
2005,"Y",4.44,351,153,227,36,-7.8,-5.8,-9.7,2.7,-14.2,273,46,-14.2,-31.4,313,40,-7.9,-4.8,-10.9,0.6,-21.7,351,38,313,3,6.4,-0.4,16.8,-7.8,47,7.3,10.6,4,20.4,-1,0,11.7,15.9,7.5,24.5,-0.2,0,7.8,11.9,3.7,18.7,-3.1,64,64,2.1,5.1,-1,13.6,-6.2,-0.8,1.7,-3.3,11.1,-7.4,164,61,-5.7,-3,-8.3,8.9,-22.1,191,27,-7.7,-4.7,-10.8,3.3,-24.1
2006,"F",33.6,385,158,187,59,-9.5,-5.7,-13.2,3.6,-26.4,220,33,-12.1,-24.2,284,64,-5.2,-1.9,-8.4,2.8,-14.8,372,88,385,1.8,5,-1.5,14.3,-8.1,109,6,9.3,2.7,17.6,-2.7,0,13.1,17.6,8.6,24.7,-0.7,0,8.8,13,4.6,19.3,-1.5,0,0,6.6,10,3.2,20.8,-5.9,-1.9,1.3,-5,9.4,-21.4,67,60,-9.5,-6.2,-12.7,3.7,-34,128,61,-7.5,-4.6,-10.4,3.3,-17.4
2006,"g",86.2,385,158,187,59,-9.5,-5.7,-13.2,3.6,-26.4,220,33,-12.1,-24.2,284,64,-5.2,-1.9,-8.4,2.8,-14.8,372,88,385,1.8,5,-1.5,14.3,-8.1,109,6,9.3,2.7,17.6,-2.7,0,13.1,17.6,8.6,24.7,-0.7,0,8.8,13,4.6,19.3,-1.5,0,0,6.6,10,3.2,20.8,-5.9,-1.9,1.3,-5,9.4,-21.4,67,60,-9.5,-6.2,-12.7,3.7,-34,128,61,-7.5,-4.6,-10.4,3.3,-17.4
2006,"G",68.7,385,158,187,59,-9.5,-5.7,-13.2,3.6,-26.4,220,33,-12.1,-24.2,284,64,-5.2,-1.9,-8.4,2.8,-14.8,372,88,385,1.8,5,-1.5,14.3,-8.1,109,6,9.3,2.7,17.6,-2.7,0,13.1,17.6,8.6,24.7,-0.7,0,8.8,13,4.6,19.3,-1.5,0,0,6.6,10,3.2,20.8,-5.9,-1.9,1.3,-5,9.4,-21.4,67,60,-9.5,-6.2,-12.7,3.7,-34,128,61,-7.5,-4.6,-10.4,3.3,-17.4
2006,"J",152.7,385,158,187,59,-9.5,-5.7,-13.2,3.6,-26.4,220,33,-12.1,-24.2,284,64,-5.2,-1.9,-8.4,2.8,-14.8,372,88,385,1.8,5,-1.5,14.3,-8.1,109,6,9.3,2.7,17.6,-2.7,0,13.1,17.6,8.6,24.7,-0.7,0,8.8,13,4.6,19.3,-1.5,0,0,6.6,10,3.2,20.8,-5.9,-1.9,1.3,-5,9.4,-21.4,67,60,-9.5,-6.2,-12.7,3.7,-34,128,61,-7.5,-4.6,-10.4,3.3,-17.4
2006,"L",354.5,385,158,187,59,-9.5,-5.7,-13.2,3.6,-26.4,220,33,-12.1,-24.2,284,64,-5.2,-1.9,-8.4,2.8,-14.8,372,88,385,1.8,5,-1.5,14.3,-8.1,109,6,9.3,2.7,17.6,-2.7,0,13.1,17.6,8.6,24.7,-0.7,0,8.8,13,4.6,19.3,-1.5,0,0,6.6,10,3.2,20.8,-5.9,-1.9,1.3,-5,9.4,-21.4,67,60,-9.5,-6.2,-12.7,3.7,-34,128,61,-7.5,-4.6,-10.4,3.3,-17.4
2006,"M",337.5,385,158,187,59,-9.5,-5.7,-13.2,3.6,-26.4,220,33,-12.1,-24.2,284,64,-5.2,-1.9,-8.4,2.8,-14.8,372,88,385,1.8,5,-1.5,14.3,-8.1,109,6,9.3,2.7,17.6,-2.7,0,13.1,17.6,8.6,24.7,-0.7,0,8.8,13,4.6,19.3,-1.5,0,0,6.6,10,3.2,20.8,-5.9,-1.9,1.3,-5,9.4,-21.4,67,60,-9.5,-6.2,-12.7,3.7,-34,128,61,-7.5,-4.6,-10.4,3.3,-17.4
2006,"N",2.3,385,158,187,59,-9.5,-5.7,-13.2,3.6,-26.4,220,33,-12.1,-24.2,284,64,-5.2,-1.9,-8.4,2.8,-14.8,372,88,385,1.8,5,-1.5,14.3,-8.1,109,6,9.3,2.7,17.6,-2.7,0,13.1,17.6,8.6,24.7,-0.7,0,8.8,13,4.6,19.3,-1.5,0,0,6.6,10,3.2,20.8,-5.9,-1.9,1.3,-5,9.4,-21.4,67,60,-9.5,-6.2,-12.7,3.7,-34,128,61,-7.5,-4.6,-10.4,3.3,-17.4
2006,"O",36.5,385,158,187,59,-9.5,-5.7,-13.2,3.6,-26.4,220,33,-12.1,-24.2,284,64,-5.2,-1.9,-8.4,2.8,-14.8,372,88,385,1.8,5,-1.5,14.3,-8.1,109,6,9.3,2.7,17.6,-2.7,0,13.1,17.6,8.6,24.7,-0.7,0,8.8,13,4.6,19.3,-1.5,0,0,6.6,10,3.2,20.8,-5.9,-1.9,1.3,-5,9.4,-21.4,67,60,-9.5,-6.2,-12.7,3.7,-34,128,61,-7.5,-4.6,-10.4,3.3,-17.4
2006,"R",11.7,385,158,187,59,-9.5,-5.7,-13.2,3.6,-26.4,220,33,-12.1,-24.2,284,64,-5.2,-1.9,-8.4,2.8,-14.8,372,88,385,1.8,5,-1.5,14.3,-8.1,109,6,9.3,2.7,17.6,-2.7,0,13.1,17.6,8.6,24.7,-0.7,0,8.8,13,4.6,19.3,-1.5,0,0,6.6,10,3.2,20.8,-5.9,-1.9,1.3,-5,9.4,-21.4,67,60,-9.5,-6.2,-12.7,3.7,-34,128,61,-7.5,-4.6,-10.4,3.3,-17.4
2006,"S",18,385,158,187,59,-9.5,-5.7,-13.2,3.6,-26.4,220,33,-12.1,-24.2,284,64,-5.2,-1.9,-8.4,2.8,-14.8,372,88,385,1.8,5,-1.5,14.3,-8.1,109,6,9.3,2.7,17.6,-2.7,0,13.1,17.6,8.6,24.7,-0.7,0,8.8,13,4.6,19.3,-1.5,0,0,6.6,10,3.2,20.8,-5.9,-1.9,1.3,-5,9.4,-21.4,67,60,-9.5,-6.2,-12.7,3.7,-34,128,61,-7.5,-4.6,-10.4,3.3,-17.4
2006,"Y",3.8,385,158,187,59,-9.5,-5.7,-13.2,3.6,-26.4,220,33,-12.1,-24.2,284,64,-5.2,-1.9,-8.4,2.8,-14.8,372,88,385,1.8,5,-1.5,14.3,-8.1,109,6,9.3,2.7,17.6,-2.7,0,13.1,17.6,8.6,24.7,-0.7,0,8.8,13,4.6,19.3,-1.5,0,0,6.6,10,3.2,20.8,-5.9,-1.9,1.3,-5,9.4,-21.4,67,60,-9.5,-6.2,-12.7,3.7,-34,128,61,-7.5,-4.6,-10.4,3.3,-17.4
2007,"F",119.9,429,180,153,33,-11.7,-8,-15.4,-0.3,-34.5,218,65,-10.8,-23.6,263,45,-8.2,-4.9,-11.3,1.7,-17.7,328,65,429,1.6,4.4,-1.3,13.7,-8.2,326,5.1,8.6,1.5,21.6,-3.7,16,8.6,12.8,4.5,19.1,-2.6,0,7.8,11.6,3.9,21.2,-0.9,4,4,3.2,6.6,-0.2,14.8,-8,-1.1,1.7,-4,10.7,-9.5,53,31,-7.5,-4.6,-10.4,1.6,-22.2,120,67,-11.3,-8.7,-14,-0.1,-26.7
2007,"g",111.4,429,180,153,33,-11.7,-8,-15.4,-0.3,-34.5,218,65,-10.8,-23.6,263,45,-8.2,-4.9,-11.3,1.7,-17.7,328,65,429,1.6,4.4,-1.3,13.7,-8.2,326,5.1,8.6,1.5,21.6,-3.7,16,8.6,12.8,4.5,19.1,-2.6,0,7.8,11.6,3.9,21.2,-0.9,4,4,3.2,6.6,-0.2,14.8,-8,-1.1,1.7,-4,10.7,-9.5,53,31,-7.5,-4.6,-10.4,1.6,-22.2,120,67,-11.3,-8.7,-14,-0.1,-26.7
2007,"G",229.3,429,180,153,33,-11.7,-8,-15.4,-0.3,-34.5,218,65,-10.8,-23.6,263,45,-8.2,-4.9,-11.3,1.7,-17.7,328,65,429,1.6,4.4,-1.3,13.7,-8.2,326,5.1,8.6,1.5,21.6,-3.7,16,8.6,12.8,4.5,19.1,-2.6,0,7.8,11.6,3.9,21.2,-0.9,4,4,3.2,6.6,-0.2,14.8,-8,-1.1,1.7,-4,10.7,-9.5,53,31,-7.5,-4.6,-10.4,1.6,-22.2,120,67,-11.3,-8.7,-14,-0.1,-26.7
2007,"J",390.4,429,180,153,33,-11.7,-8,-15.4,-0.3,-34.5,218,65,-10.8,-23.6,263,45,-8.2,-4.9,-11.3,1.7,-17.7,328,65,429,1.6,4.4,-1.3,13.7,-8.2,326,5.1,8.6,1.5,21.6,-3.7,16,8.6,12.8,4.5,19.1,-2.6,0,7.8,11.6,3.9,21.2,-0.9,4,4,3.2,6.6,-0.2,14.8,-8,-1.1,1.7,-4,10.7,-9.5,53,31,-7.5,-4.6,-10.4,1.6,-22.2,120,67,-11.3,-8.7,-14,-0.1,-26.7
2007,"L",205.6,429,180,153,33,-11.7,-8,-15.4,-0.3,-34.5,218,65,-10.8,-23.6,263,45,-8.2,-4.9,-11.3,1.7,-17.7,328,65,429,1.6,4.4,-1.3,13.7,-8.2,326,5.1,8.6,1.5,21.6,-3.7,16,8.6,12.8,4.5,19.1,-2.6,0,7.8,11.6,3.9,21.2,-0.9,4,4,3.2,6.6,-0.2,14.8,-8,-1.1,1.7,-4,10.7,-9.5,53,31,-7.5,-4.6,-10.4,1.6,-22.2,120,67,-11.3,-8.7,-14,-0.1,-26.7
2007,"M",318.2,429,180,153,33,-11.7,-8,-15.4,-0.3,-34.5,218,65,-10.8,-23.6,263,45,-8.2,-4.9,-11.3,1.7,-17.7,328,65,429,1.6,4.4,-1.3,13.7,-8.2,326,5.1,8.6,1.5,21.6,-3.7,16,8.6,12.8,4.5,19.1,-2.6,0,7.8,11.6,3.9,21.2,-0.9,4,4,3.2,6.6,-0.2,14.8,-8,-1.1,1.7,-4,10.7,-9.5,53,31,-7.5,-4.6,-10.4,1.6,-22.2,120,67,-11.3,-8.7,-14,-0.1,-26.7
2007,"N",0,429,180,153,33,-11.7,-8,-15.4,-0.3,-34.5,218,65,-10.8,-23.6,263,45,-8.2,-4.9,-11.3,1.7,-17.7,328,65,429,1.6,4.4,-1.3,13.7,-8.2,326,5.1,8.6,1.5,21.6,-3.7,16,8.6,12.8,4.5,19.1,-2.6,0,7.8,11.6,3.9,21.2,-0.9,4,4,3.2,6.6,-0.2,14.8,-8,-1.1,1.7,-4,10.7,-9.5,53,31,-7.5,-4.6,-10.4,1.6,-22.2,120,67,-11.3,-8.7,-14,-0.1,-26.7
2007,"O",41.7,429,180,153,33,-11.7,-8,-15.4,-0.3,-34.5,218,65,-10.8,-23.6,263,45,-8.2,-4.9,-11.3,1.7,-17.7,328,65,429,1.6,4.4,-1.3,13.7,-8.2,326,5.1,8.6,1.5,21.6,-3.7,16,8.6,12.8,4.5,19.1,-2.6,0,7.8,11.6,3.9,21.2,-0.9,4,4,3.2,6.6,-0.2,14.8,-8,-1.1,1.7,-4,10.7,-9.5,53,31,-7.5,-4.6,-10.4,1.6,-22.2,120,67,-11.3,-8.7,-14,-0.1,-26.7
2007,"R",8.8,429,180,153,33,-11.7,-8,-15.4,-0.3,-34.5,218,65,-10.8,-23.6,263,45,-8.2,-4.9,-11.3,1.7,-17.7,328,65,429,1.6,4.4,-1.3,13.7,-8.2,326,5.1,8.6,1.5,21.6,-3.7,16,8.6,12.8,4.5,19.1,-2.6,0,7.8,11.6,3.9,21.2,-0.9,4,4,3.2,6.6,-0.2,14.8,-8,-1.1,1.7,-4,10.7,-9.5,53,31,-7.5,-4.6,-10.4,1.6,-22.2,120,67,-11.3,-8.7,-14,-0.1,-26.7
2007,"S",10.9,429,180,153,33,-11.7,-8,-15.4,-0.3,-34.5,218,65,-10.8,-23.6,263,45,-8.2,-4.9,-11.3,1.7,-17.7,328,65,429,1.6,4.4,-1.3,13.7,-8.2,326,5.1,8.6,1.5,21.6,-3.7,16,8.6,12.8,4.5,19.1,-2.6,0,7.8,11.6,3.9,21.2,-0.9,4,4,3.2,6.6,-0.2,14.8,-8,-1.1,1.7,-4,10.7,-9.5,53,31,-7.5,-4.6,-10.4,1.6,-22.2,120,67,-11.3,-8.7,-14,-0.1,-26.7
2007,"Y",10.5,429,180,153,33,-11.7,-8,-15.4,-0.3,-34.5,218,65,-10.8,-23.6,263,45,-8.2,-4.9,-11.3,1.7,-17.7,328,65,429,1.6,4.4,-1.3,13.7,-8.2,326,5.1,8.6,1.5,21.6,-3.7,16,8.6,12.8,4.5,19.1,-2.6,0,7.8,11.6,3.9,21.2,-0.9,4,4,3.2,6.6,-0.2,14.8,-8,-1.1,1.7,-4,10.7,-9.5,53,31,-7.5,-4.6,-10.4,1.6,-22.2,120,67,-11.3,-8.7,-14,-0.1,-26.7
2008,"F",99.9,379,168,130,42,-8,-4.6,-11.4,12.3,-27.5,147,17,-13,-29.4,210,63,-10.4,-7,-13.8,3.5,-34.4,285,75,379,0.7,4.1,-2.7,13.4,-9.1,164,4.6,8.4,0.7,15.5,-6.9,0,9.6,13.7,5.4,20.5,0,0,8.5,12.3,4.7,22.9,-3.7,0,0,4.9,8.6,1.2,17.9,-5.2,-0.2,3,-3.5,17.6,-13.2,33,19,-3.6,-0.7,-6.4,6.7,-12.4,88,55,-15,-11.4,-18.6,1.7,-33.6
2008,"g",139.4,379,168,130,42,-8,-4.6,-11.4,12.3,-27.5,147,17,-13,-29.4,210,63,-10.4,-7,-13.8,3.5,-34.4,285,75,379,0.7,4.1,-2.7,13.4,-9.1,164,4.6,8.4,0.7,15.5,-6.9,0,9.6,13.7,5.4,20.5,0,0,8.5,12.3,4.7,22.9,-3.7,0,0,4.9,8.6,1.2,17.9,-5.2,-0.2,3,-3.5,17.6,-13.2,33,19,-3.6,-0.7,-6.4,6.7,-12.4,88,55,-15,-11.4,-18.6,1.7,-33.6
2008,"G",201.8,379,168,130,42,-8,-4.6,-11.4,12.3,-27.5,147,17,-13,-29.4,210,63,-10.4,-7,-13.8,3.5,-34.4,285,75,379,0.7,4.1,-2.7,13.4,-9.1,164,4.6,8.4,0.7,15.5,-6.9,0,9.6,13.7,5.4,20.5,0,0,8.5,12.3,4.7,22.9,-3.7,0,0,4.9,8.6,1.2,17.9,-5.2,-0.2,3,-3.5,17.6,-13.2,33,19,-3.6,-0.7,-6.4,6.7,-12.4,88,55,-15,-11.4,-18.6,1.7,-33.6
2008,"J",297.2,379,168,130,42,-8,-4.6,-11.4,12.3,-27.5,147,17,-13,-29.4,210,63,-10.4,-7,-13.8,3.5,-34.4,285,75,379,0.7,4.1,-2.7,13.4,-9.1,164,4.6,8.4,0.7,15.5,-6.9,0,9.6,13.7,5.4,20.5,0,0,8.5,12.3,4.7,22.9,-3.7,0,0,4.9,8.6,1.2,17.9,-5.2,-0.2,3,-3.5,17.6,-13.2,33,19,-3.6,-0.7,-6.4,6.7,-12.4,88,55,-15,-11.4,-18.6,1.7,-33.6
2008,"L",429.8,379,168,130,42,-8,-4.6,-11.4,12.3,-27.5,147,17,-13,-29.4,210,63,-10.4,-7,-13.8,3.5,-34.4,285,75,379,0.7,4.1,-2.7,13.4,-9.1,164,4.6,8.4,0.7,15.5,-6.9,0,9.6,13.7,5.4,20.5,0,0,8.5,12.3,4.7,22.9,-3.7,0,0,4.9,8.6,1.2,17.9,-5.2,-0.2,3,-3.5,17.6,-13.2,33,19,-3.6,-0.7,-6.4,6.7,-12.4,88,55,-15,-11.4,-18.6,1.7,-33.6
2008,"M",803.7,379,168,130,42,-8,-4.6,-11.4,12.3,-27.5,147,17,-13,-29.4,210,63,-10.4,-7,-13.8,3.5,-34.4,285,75,379,0.7,4.1,-2.7,13.4,-9.1,164,4.6,8.4,0.7,15.5,-6.9,0,9.6,13.7,5.4,20.5,0,0,8.5,12.3,4.7,22.9,-3.7,0,0,4.9,8.6,1.2,17.9,-5.2,-0.2,3,-3.5,17.6,-13.2,33,19,-3.6,-0.7,-6.4,6.7,-12.4,88,55,-15,-11.4,-18.6,1.7,-33.6
2008,"N",4.9,379,168,130,42,-8,-4.6,-11.4,12.3,-27.5,147,17,-13,-29.4,210,63,-10.4,-7,-13.8,3.5,-34.4,285,75,379,0.7,4.1,-2.7,13.4,-9.1,164,4.6,8.4,0.7,15.5,-6.9,0,9.6,13.7,5.4,20.5,0,0,8.5,12.3,4.7,22.9,-3.7,0,0,4.9,8.6,1.2,17.9,-5.2,-0.2,3,-3.5,17.6,-13.2,33,19,-3.6,-0.7,-6.4,6.7,-12.4,88,55,-15,-11.4,-18.6,1.7,-33.6
2008,"O",79.1,379,168,130,42,-8,-4.6,-11.4,12.3,-27.5,147,17,-13,-29.4,210,63,-10.4,-7,-13.8,3.5,-34.4,285,75,379,0.7,4.1,-2.7,13.4,-9.1,164,4.6,8.4,0.7,15.5,-6.9,0,9.6,13.7,5.4,20.5,0,0,8.5,12.3,4.7,22.9,-3.7,0,0,4.9,8.6,1.2,17.9,-5.2,-0.2,3,-3.5,17.6,-13.2,33,19,-3.6,-0.7,-6.4,6.7,-12.4,88,55,-15,-11.4,-18.6,1.7,-33.6
2008,"R",13.7,379,168,130,42,-8,-4.6,-11.4,12.3,-27.5,147,17,-13,-29.4,210,63,-10.4,-7,-13.8,3.5,-34.4,285,75,379,0.7,4.1,-2.7,13.4,-9.1,164,4.6,8.4,0.7,15.5,-6.9,0,9.6,13.7,5.4,20.5,0,0,8.5,12.3,4.7,22.9,-3.7,0,0,4.9,8.6,1.2,17.9,-5.2,-0.2,3,-3.5,17.6,-13.2,33,19,-3.6,-0.7,-6.4,6.7,-12.4,88,55,-15,-11.4,-18.6,1.7,-33.6
2008,"S",16.5,379,168,130,42,-8,-4.6,-11.4,12.3,-27.5,147,17,-13,-29.4,210,63,-10.4,-7,-13.8,3.5,-34.4,285,75,379,0.7,4.1,-2.7,13.4,-9.1,164,4.6,8.4,0.7,15.5,-6.9,0,9.6,13.7,5.4,20.5,0,0,8.5,12.3,4.7,22.9,-3.7,0,0,4.9,8.6,1.2,17.9,-5.2,-0.2,3,-3.5,17.6,-13.2,33,19,-3.6,-0.7,-6.4,6.7,-12.4,88,55,-15,-11.4,-18.6,1.7,-33.6
2008,"Y",16.3,379,168,130,42,-8,-4.6,-11.4,12.3,-27.5,147,17,-13,-29.4,210,63,-10.4,-7,-13.8,3.5,-34.4,285,75,379,0.7,4.1,-2.7,13.4,-9.1,164,4.6,8.4,0.7,15.5,-6.9,0,9.6,13.7,5.4,20.5,0,0,8.5,12.3,4.7,22.9,-3.7,0,0,4.9,8.6,1.2,17.9,-5.2,-0.2,3,-3.5,17.6,-13.2,33,19,-3.6,-0.7,-6.4,6.7,-12.4,88,55,-15,-11.4,-18.6,1.7,-33.6
2009,"F",18.3,338,176,196,27,-6.5,-3.8,-9.1,2.3,-21,209,13,-8.4,-12.7,231,22,-4.4,-1.5,-7.2,5.2,-14.3,266,35,338,-0.5,3,-4,12.6,-12.7,239,4.8,7.9,1.7,14.4,-3.2,3,8.6,12.8,4.4,19.3,-2.2,1,9.4,13.1,5.6,21.6,-0.1,0,-1,8.1,12.7,3.5,20.8,-4.4,-5.3,-1.8,-8.8,6.4,-21.2,113,74,-6.3,-3.8,-8.8,4.6,-13.6,169,56,-12.5,-8.7,-16.4,4,-32.3
2009,"g",18.5,338,176,196,27,-6.5,-3.8,-9.1,2.3,-21,209,13,-8.4,-12.7,231,22,-4.4,-1.5,-7.2,5.2,-14.3,266,35,338,-0.5,3,-4,12.6,-12.7,239,4.8,7.9,1.7,14.4,-3.2,3,8.6,12.8,4.4,19.3,-2.2,1,9.4,13.1,5.6,21.6,-0.1,0,-1,8.1,12.7,3.5,20.8,-4.4,-5.3,-1.8,-8.8,6.4,-21.2,113,74,-6.3,-3.8,-8.8,4.6,-13.6,169,56,-12.5,-8.7,-16.4,4,-32.3
2009,"G",33.5,338,176,196,27,-6.5,-3.8,-9.1,2.3,-21,209,13,-8.4,-12.7,231,22,-4.4,-1.5,-7.2,5.2,-14.3,266,35,338,-0.5,3,-4,12.6,-12.7,239,4.8,7.9,1.7,14.4,-3.2,3,8.6,12.8,4.4,19.3,-2.2,1,9.4,13.1,5.6,21.6,-0.1,0,-1,8.1,12.7,3.5,20.8,-4.4,-5.3,-1.8,-8.8,6.4,-21.2,113,74,-6.3,-3.8,-8.8,4.6,-13.6,169,56,-12.5,-8.7,-16.4,4,-32.3
2009,"J",176.5,338,176,196,27,-6.5,-3.8,-9.1,2.3,-21,209,13,-8.4,-12.7,231,22,-4.4,-1.5,-7.2,5.2,-14.3,266,35,338,-0.5,3,-4,12.6,-12.7,239,4.8,7.9,1.7,14.4,-3.2,3,8.6,12.8,4.4,19.3,-2.2,1,9.4,13.1,5.6,21.6,-0.1,0,-1,8.1,12.7,3.5,20.8,-4.4,-5.3,-1.8,-8.8,6.4,-21.2,113,74,-6.3,-3.8,-8.8,4.6,-13.6,169,56,-12.5,-8.7,-16.4,4,-32.3
2009,"L",111.6,338,176,196,27,-6.5,-3.8,-9.1,2.3,-21,209,13,-8.4,-12.7,231,22,-4.4,-1.5,-7.2,5.2,-14.3,266,35,338,-0.5,3,-4,12.6,-12.7,239,4.8,7.9,1.7,14.4,-3.2,3,8.6,12.8,4.4,19.3,-2.2,1,9.4,13.1,5.6,21.6,-0.1,0,-1,8.1,12.7,3.5,20.8,-4.4,-5.3,-1.8,-8.8,6.4,-21.2,113,74,-6.3,-3.8,-8.8,4.6,-13.6,169,56,-12.5,-8.7,-16.4,4,-32.3
2009,"M",314.9,338,176,196,27,-6.5,-3.8,-9.1,2.3,-21,209,13,-8.4,-12.7,231,22,-4.4,-1.5,-7.2,5.2,-14.3,266,35,338,-0.5,3,-4,12.6,-12.7,239,4.8,7.9,1.7,14.4,-3.2,3,8.6,12.8,4.4,19.3,-2.2,1,9.4,13.1,5.6,21.6,-0.1,0,-1,8.1,12.7,3.5,20.8,-4.4,-5.3,-1.8,-8.8,6.4,-21.2,113,74,-6.3,-3.8,-8.8,4.6,-13.6,169,56,-12.5,-8.7,-16.4,4,-32.3
2009,"N",3.45349769784731e-05,338,176,196,27,-6.5,-3.8,-9.1,2.3,-21,209,13,-8.4,-12.7,231,22,-4.4,-1.5,-7.2,5.2,-14.3,266,35,338,-0.5,3,-4,12.6,-12.7,239,4.8,7.9,1.7,14.4,-3.2,3,8.6,12.8,4.4,19.3,-2.2,1,9.4,13.1,5.6,21.6,-0.1,0,-1,8.1,12.7,3.5,20.8,-4.4,-5.3,-1.8,-8.8,6.4,-21.2,113,74,-6.3,-3.8,-8.8,4.6,-13.6,169,56,-12.5,-8.7,-16.4,4,-32.3
2009,"O",22.6,338,176,196,27,-6.5,-3.8,-9.1,2.3,-21,209,13,-8.4,-12.7,231,22,-4.4,-1.5,-7.2,5.2,-14.3,266,35,338,-0.5,3,-4,12.6,-12.7,239,4.8,7.9,1.7,14.4,-3.2,3,8.6,12.8,4.4,19.3,-2.2,1,9.4,13.1,5.6,21.6,-0.1,0,-1,8.1,12.7,3.5,20.8,-4.4,-5.3,-1.8,-8.8,6.4,-21.2,113,74,-6.3,-3.8,-8.8,4.6,-13.6,169,56,-12.5,-8.7,-16.4,4,-32.3
2009,"R",2.8,338,176,196,27,-6.5,-3.8,-9.1,2.3,-21,209,13,-8.4,-12.7,231,22,-4.4,-1.5,-7.2,5.2,-14.3,266,35,338,-0.5,3,-4,12.6,-12.7,239,4.8,7.9,1.7,14.4,-3.2,3,8.6,12.8,4.4,19.3,-2.2,1,9.4,13.1,5.6,21.6,-0.1,0,-1,8.1,12.7,3.5,20.8,-4.4,-5.3,-1.8,-8.8,6.4,-21.2,113,74,-6.3,-3.8,-8.8,4.6,-13.6,169,56,-12.5,-8.7,-16.4,4,-32.3
2009,"S",10.9,338,176,196,27,-6.5,-3.8,-9.1,2.3,-21,209,13,-8.4,-12.7,231,22,-4.4,-1.5,-7.2,5.2,-14.3,266,35,338,-0.5,3,-4,12.6,-12.7,239,4.8,7.9,1.7,14.4,-3.2,3,8.6,12.8,4.4,19.3,-2.2,1,9.4,13.1,5.6,21.6,-0.1,0,-1,8.1,12.7,3.5,20.8,-4.4,-5.3,-1.8,-8.8,6.4,-21.2,113,74,-6.3,-3.8,-8.8,4.6,-13.6,169,56,-12.5,-8.7,-16.4,4,-32.3
2009,"Y",2.6,338,176,196,27,-6.5,-3.8,-9.1,2.3,-21,209,13,-8.4,-12.7,231,22,-4.4,-1.5,-7.2,5.2,-14.3,266,35,338,-0.5,3,-4,12.6,-12.7,239,4.8,7.9,1.7,14.4,-3.2,3,8.6,12.8,4.4,19.3,-2.2,1,9.4,13.1,5.6,21.6,-0.1,0,-1,8.1,12.7,3.5,20.8,-4.4,-5.3,-1.8,-8.8,6.4,-21.2,113,74,-6.3,-3.8,-8.8,4.6,-13.6,169,56,-12.5,-8.7,-16.4,4,-32.3
2010,"F",6.8,471,179,120,50,-10.2,-6.7,-13.7,0.8,-26.8,200,80,-16.3,-34.1,280,80,-7.3,-4,-10.5,1.7,-17,400,120,471,0.2,3.2,-2.5,10.2,-7.3,333,4.2,7.3,1.1,13.8,-1.3,27,7.9,11.7,4,18.4,-1.3,5,7.6,11.3,3.9,17.5,-3.1,15,10,2.6,5.7,-0.6,14.2,-6.9,1.6,4.7,-1.5,16.1,-8.3,33,28,-9.5,-6.2,-12.7,9,-33,70,37,-8.9,-6,-11.7,3.8,-23.7
2010,"g",6.8,471,179,120,50,-10.2,-6.7,-13.7,0.8,-26.8,200,80,-16.3,-34.1,280,80,-7.3,-4,-10.5,1.7,-17,400,120,471,0.2,3.2,-2.5,10.2,-7.3,333,4.2,7.3,1.1,13.8,-1.3,27,7.9,11.7,4,18.4,-1.3,5,7.6,11.3,3.9,17.5,-3.1,15,10,2.6,5.7,-0.6,14.2,-6.9,1.6,4.7,-1.5,16.1,-8.3,33,28,-9.5,-6.2,-12.7,9,-33,70,37,-8.9,-6,-11.7,3.8,-23.7
2010,"G",4.4,471,179,120,50,-10.2,-6.7,-13.7,0.8,-26.8,200,80,-16.3,-34.1,280,80,-7.3,-4,-10.5,1.7,-17,400,120,471,0.2,3.2,-2.5,10.2,-7.3,333,4.2,7.3,1.1,13.8,-1.3,27,7.9,11.7,4,18.4,-1.3,5,7.6,11.3,3.9,17.5,-3.1,15,10,2.6,5.7,-0.6,14.2,-6.9,1.6,4.7,-1.5,16.1,-8.3,33,28,-9.5,-6.2,-12.7,9,-33,70,37,-8.9,-6,-11.7,3.8,-23.7
2010,"J",30.1,471,179,120,50,-10.2,-6.7,-13.7,0.8,-26.8,200,80,-16.3,-34.1,280,80,-7.3,-4,-10.5,1.7,-17,400,120,471,0.2,3.2,-2.5,10.2,-7.3,333,4.2,7.3,1.1,13.8,-1.3,27,7.9,11.7,4,18.4,-1.3,5,7.6,11.3,3.9,17.5,-3.1,15,10,2.6,5.7,-0.6,14.2,-6.9,1.6,4.7,-1.5,16.1,-8.3,33,28,-9.5,-6.2,-12.7,9,-33,70,37,-8.9,-6,-11.7,3.8,-23.7
2010,"L",42.3,471,179,120,50,-10.2,-6.7,-13.7,0.8,-26.8,200,80,-16.3,-34.1,280,80,-7.3,-4,-10.5,1.7,-17,400,120,471,0.2,3.2,-2.5,10.2,-7.3,333,4.2,7.3,1.1,13.8,-1.3,27,7.9,11.7,4,18.4,-1.3,5,7.6,11.3,3.9,17.5,-3.1,15,10,2.6,5.7,-0.6,14.2,-6.9,1.6,4.7,-1.5,16.1,-8.3,33,28,-9.5,-6.2,-12.7,9,-33,70,37,-8.9,-6,-11.7,3.8,-23.7
2010,"M",84.6,471,179,120,50,-10.2,-6.7,-13.7,0.8,-26.8,200,80,-16.3,-34.1,280,80,-7.3,-4,-10.5,1.7,-17,400,120,471,0.2,3.2,-2.5,10.2,-7.3,333,4.2,7.3,1.1,13.8,-1.3,27,7.9,11.7,4,18.4,-1.3,5,7.6,11.3,3.9,17.5,-3.1,15,10,2.6,5.7,-0.6,14.2,-6.9,1.6,4.7,-1.5,16.1,-8.3,33,28,-9.5,-6.2,-12.7,9,-33,70,37,-8.9,-6,-11.7,3.8,-23.7
2010,"N",0,471,179,120,50,-10.2,-6.7,-13.7,0.8,-26.8,200,80,-16.3,-34.1,280,80,-7.3,-4,-10.5,1.7,-17,400,120,471,0.2,3.2,-2.5,10.2,-7.3,333,4.2,7.3,1.1,13.8,-1.3,27,7.9,11.7,4,18.4,-1.3,5,7.6,11.3,3.9,17.5,-3.1,15,10,2.6,5.7,-0.6,14.2,-6.9,1.6,4.7,-1.5,16.1,-8.3,33,28,-9.5,-6.2,-12.7,9,-33,70,37,-8.9,-6,-11.7,3.8,-23.7
2010,"O",6.6,471,179,120,50,-10.2,-6.7,-13.7,0.8,-26.8,200,80,-16.3,-34.1,280,80,-7.3,-4,-10.5,1.7,-17,400,120,471,0.2,3.2,-2.5,10.2,-7.3,333,4.2,7.3,1.1,13.8,-1.3,27,7.9,11.7,4,18.4,-1.3,5,7.6,11.3,3.9,17.5,-3.1,15,10,2.6,5.7,-0.6,14.2,-6.9,1.6,4.7,-1.5,16.1,-8.3,33,28,-9.5,-6.2,-12.7,9,-33,70,37,-8.9,-6,-11.7,3.8,-23.7
2010,"R",1.4,471,179,120,50,-10.2,-6.7,-13.7,0.8,-26.8,200,80,-16.3,-34.1,280,80,-7.3,-4,-10.5,1.7,-17,400,120,471,0.2,3.2,-2.5,10.2,-7.3,333,4.2,7.3,1.1,13.8,-1.3,27,7.9,11.7,4,18.4,-1.3,5,7.6,11.3,3.9,17.5,-3.1,15,10,2.6,5.7,-0.6,14.2,-6.9,1.6,4.7,-1.5,16.1,-8.3,33,28,-9.5,-6.2,-12.7,9,-33,70,37,-8.9,-6,-11.7,3.8,-23.7
2010,"S",4.4,471,179,120,50,-10.2,-6.7,-13.7,0.8,-26.8,200,80,-16.3,-34.1,280,80,-7.3,-4,-10.5,1.7,-17,400,120,471,0.2,3.2,-2.5,10.2,-7.3,333,4.2,7.3,1.1,13.8,-1.3,27,7.9,11.7,4,18.4,-1.3,5,7.6,11.3,3.9,17.5,-3.1,15,10,2.6,5.7,-0.6,14.2,-6.9,1.6,4.7,-1.5,16.1,-8.3,33,28,-9.5,-6.2,-12.7,9,-33,70,37,-8.9,-6,-11.7,3.8,-23.7
2010,"Y",0,471,179,120,50,-10.2,-6.7,-13.7,0.8,-26.8,200,80,-16.3,-34.1,280,80,-7.3,-4,-10.5,1.7,-17,400,120,471,0.2,3.2,-2.5,10.2,-7.3,333,4.2,7.3,1.1,13.8,-1.3,27,7.9,11.7,4,18.4,-1.3,5,7.6,11.3,3.9,17.5,-3.1,15,10,2.6,5.7,-0.6,14.2,-6.9,1.6,4.7,-1.5,16.1,-8.3,33,28,-9.5,-6.2,-12.7,9,-33,70,37,-8.9,-6,-11.7,3.8,-23.7
2011,"F",5.7,532,181,235,84,-10.8,-7.5,-14.1,1.3,-36,286,51,-11.5,-18.2,386,100,-7.7,-4.5,-10.8,1.8,-17.5,509,123,532,0.4,3.7,-3,14.7,-10.3,337,4.2,7.1,1.1,11.7,-3.7,35,11.5,15.1,7.6,21.5,0.4,0,9.7,13.7,5.7,18,-1.9,4,4,6.9,10.7,3,19.4,-3.2,-2.1,0.8,-4.7,12.1,-9.7,75,29,-9.6,-6.7,-12.4,0.1,-24.6,151,76,-8.2,-5,-11,2.3,-18.4
2011,"g",6.6,532,181,235,84,-10.8,-7.5,-14.1,1.3,-36,286,51,-11.5,-18.2,386,100,-7.7,-4.5,-10.8,1.8,-17.5,509,123,532,0.4,3.7,-3,14.7,-10.3,337,4.2,7.1,1.1,11.7,-3.7,35,11.5,15.1,7.6,21.5,0.4,0,9.7,13.7,5.7,18,-1.9,4,4,6.9,10.7,3,19.4,-3.2,-2.1,0.8,-4.7,12.1,-9.7,75,29,-9.6,-6.7,-12.4,0.1,-24.6,151,76,-8.2,-5,-11,2.3,-18.4
2011,"G",3.3,532,181,235,84,-10.8,-7.5,-14.1,1.3,-36,286,51,-11.5,-18.2,386,100,-7.7,-4.5,-10.8,1.8,-17.5,509,123,532,0.4,3.7,-3,14.7,-10.3,337,4.2,7.1,1.1,11.7,-3.7,35,11.5,15.1,7.6,21.5,0.4,0,9.7,13.7,5.7,18,-1.9,4,4,6.9,10.7,3,19.4,-3.2,-2.1,0.8,-4.7,12.1,-9.7,75,29,-9.6,-6.7,-12.4,0.1,-24.6,151,76,-8.2,-5,-11,2.3,-18.4
2011,"J",23.6,532,181,235,84,-10.8,-7.5,-14.1,1.3,-36,286,51,-11.5,-18.2,386,100,-7.7,-4.5,-10.8,1.8,-17.5,509,123,532,0.4,3.7,-3,14.7,-10.3,337,4.2,7.1,1.1,11.7,-3.7,35,11.5,15.1,7.6,21.5,0.4,0,9.7,13.7,5.7,18,-1.9,4,4,6.9,10.7,3,19.4,-3.2,-2.1,0.8,-4.7,12.1,-9.7,75,29,-9.6,-6.7,-12.4,0.1,-24.6,151,76,-8.2,-5,-11,2.3,-18.4
2011,"L",4.9,532,181,235,84,-10.8,-7.5,-14.1,1.3,-36,286,51,-11.5,-18.2,386,100,-7.7,-4.5,-10.8,1.8,-17.5,509,123,532,0.4,3.7,-3,14.7,-10.3,337,4.2,7.1,1.1,11.7,-3.7,35,11.5,15.1,7.6,21.5,0.4,0,9.7,13.7,5.7,18,-1.9,4,4,6.9,10.7,3,19.4,-3.2,-2.1,0.8,-4.7,12.1,-9.7,75,29,-9.6,-6.7,-12.4,0.1,-24.6,151,76,-8.2,-5,-11,2.3,-18.4
2011,"M",41.2,532,181,235,84,-10.8,-7.5,-14.1,1.3,-36,286,51,-11.5,-18.2,386,100,-7.7,-4.5,-10.8,1.8,-17.5,509,123,532,0.4,3.7,-3,14.7,-10.3,337,4.2,7.1,1.1,11.7,-3.7,35,11.5,15.1,7.6,21.5,0.4,0,9.7,13.7,5.7,18,-1.9,4,4,6.9,10.7,3,19.4,-3.2,-2.1,0.8,-4.7,12.1,-9.7,75,29,-9.6,-6.7,-12.4,0.1,-24.6,151,76,-8.2,-5,-11,2.3,-18.4
2011,"N",0,532,181,235,84,-10.8,-7.5,-14.1,1.3,-36,286,51,-11.5,-18.2,386,100,-7.7,-4.5,-10.8,1.8,-17.5,509,123,532,0.4,3.7,-3,14.7,-10.3,337,4.2,7.1,1.1,11.7,-3.7,35,11.5,15.1,7.6,21.5,0.4,0,9.7,13.7,5.7,18,-1.9,4,4,6.9,10.7,3,19.4,-3.2,-2.1,0.8,-4.7,12.1,-9.7,75,29,-9.6,-6.7,-12.4,0.1,-24.6,151,76,-8.2,-5,-11,2.3,-18.4
2011,"O",2.2,532,181,235,84,-10.8,-7.5,-14.1,1.3,-36,286,51,-11.5,-18.2,386,100,-7.7,-4.5,-10.8,1.8,-17.5,509,123,532,0.4,3.7,-3,14.7,-10.3,337,4.2,7.1,1.1,11.7,-3.7,35,11.5,15.1,7.6,21.5,0.4,0,9.7,13.7,5.7,18,-1.9,4,4,6.9,10.7,3,19.4,-3.2,-2.1,0.8,-4.7,12.1,-9.7,75,29,-9.6,-6.7,-12.4,0.1,-24.6,151,76,-8.2,-5,-11,2.3,-18.4
2011,"R",2.3,532,181,235,84,-10.8,-7.5,-14.1,1.3,-36,286,51,-11.5,-18.2,386,100,-7.7,-4.5,-10.8,1.8,-17.5,509,123,532,0.4,3.7,-3,14.7,-10.3,337,4.2,7.1,1.1,11.7,-3.7,35,11.5,15.1,7.6,21.5,0.4,0,9.7,13.7,5.7,18,-1.9,4,4,6.9,10.7,3,19.4,-3.2,-2.1,0.8,-4.7,12.1,-9.7,75,29,-9.6,-6.7,-12.4,0.1,-24.6,151,76,-8.2,-5,-11,2.3,-18.4
2011,"S",0,532,181,235,84,-10.8,-7.5,-14.1,1.3,-36,286,51,-11.5,-18.2,386,100,-7.7,-4.5,-10.8,1.8,-17.5,509,123,532,0.4,3.7,-3,14.7,-10.3,337,4.2,7.1,1.1,11.7,-3.7,35,11.5,15.1,7.6,21.5,0.4,0,9.7,13.7,5.7,18,-1.9,4,4,6.9,10.7,3,19.4,-3.2,-2.1,0.8,-4.7,12.1,-9.7,75,29,-9.6,-6.7,-12.4,0.1,-24.6,151,76,-8.2,-5,-11,2.3,-18.4
2011,"Y",0,532,181,235,84,-10.8,-7.5,-14.1,1.3,-36,286,51,-11.5,-18.2,386,100,-7.7,-4.5,-10.8,1.8,-17.5,509,123,532,0.4,3.7,-3,14.7,-10.3,337,4.2,7.1,1.1,11.7,-3.7,35,11.5,15.1,7.6,21.5,0.4,0,9.7,13.7,5.7,18,-1.9,4,4,6.9,10.7,3,19.4,-3.2,-2.1,0.8,-4.7,12.1,-9.7,75,29,-9.6,-6.7,-12.4,0.1,-24.6,151,76,-8.2,-5,-11,2.3,-18.4
2012,"F",1.4,405,175,214,42,-7.2,-5.6,-10.9,1.2,-20.2,254,40,-10,-13,293,39,-7.3,-4.9,-9.9,3.5,-17.8,405,112,375,3.4,6.4,-0.4,12.8,-10.8,260,6,9.6,2.3,18.5,-1,0,10.5,14.4,6.1,23.4,-1,0,11,15.2,6.6,21.3,-1.3,0,0,5.8,9.9,2.6,16.3,-4.3,-4.6,-0.9,-6.2,4.3,-16.4,99,75,-6.7,-4.8,-8.9,4.4,-22.2,172,73,-10.8,-8.5,-13.3,-1.5,-17.1
2012,"g",21.2,405,175,214,42,-7.2,-5.6,-10.9,1.2,-20.2,254,40,-10,-13,293,39,-7.3,-4.9,-9.9,3.5,-17.8,405,112,375,3.4,6.4,-0.4,12.8,-10.8,260,6,9.6,2.3,18.5,-1,0,10.5,14.4,6.1,23.4,-1,0,11,15.2,6.6,21.3,-1.3,0,0,5.8,9.9,2.6,16.3,-4.3,-4.6,-0.9,-6.2,4.3,-16.4,99,75,-6.7,-4.8,-8.9,4.4,-22.2,172,73,-10.8,-8.5,-13.3,-1.5,-17.1
2012,"G",32.2,405,175,214,42,-7.2,-5.6,-10.9,1.2,-20.2,254,40,-10,-13,293,39,-7.3,-4.9,-9.9,3.5,-17.8,405,112,375,3.4,6.4,-0.4,12.8,-10.8,260,6,9.6,2.3,18.5,-1,0,10.5,14.4,6.1,23.4,-1,0,11,15.2,6.6,21.3,-1.3,0,0,5.8,9.9,2.6,16.3,-4.3,-4.6,-0.9,-6.2,4.3,-16.4,99,75,-6.7,-4.8,-8.9,4.4,-22.2,172,73,-10.8,-8.5,-13.3,-1.5,-17.1
2012,"J",58.7,405,175,214,42,-7.2,-5.6,-10.9,1.2,-20.2,254,40,-10,-13,293,39,-7.3,-4.9,-9.9,3.5,-17.8,405,112,375,3.4,6.4,-0.4,12.8,-10.8,260,6,9.6,2.3,18.5,-1,0,10.5,14.4,6.1,23.4,-1,0,11,15.2,6.6,21.3,-1.3,0,0,5.8,9.9,2.6,16.3,-4.3,-4.6,-0.9,-6.2,4.3,-16.4,99,75,-6.7,-4.8,-8.9,4.4,-22.2,172,73,-10.8,-8.5,-13.3,-1.5,-17.1
2012,"L",39.1,405,175,214,42,-7.2,-5.6,-10.9,1.2,-20.2,254,40,-10,-13,293,39,-7.3,-4.9,-9.9,3.5,-17.8,405,112,375,3.4,6.4,-0.4,12.8,-10.8,260,6,9.6,2.3,18.5,-1,0,10.5,14.4,6.1,23.4,-1,0,11,15.2,6.6,21.3,-1.3,0,0,5.8,9.9,2.6,16.3,-4.3,-4.6,-0.9,-6.2,4.3,-16.4,99,75,-6.7,-4.8,-8.9,4.4,-22.2,172,73,-10.8,-8.5,-13.3,-1.5,-17.1
2012,"M",110,405,175,214,42,-7.2,-5.6,-10.9,1.2,-20.2,254,40,-10,-13,293,39,-7.3,-4.9,-9.9,3.5,-17.8,405,112,375,3.4,6.4,-0.4,12.8,-10.8,260,6,9.6,2.3,18.5,-1,0,10.5,14.4,6.1,23.4,-1,0,11,15.2,6.6,21.3,-1.3,0,0,5.8,9.9,2.6,16.3,-4.3,-4.6,-0.9,-6.2,4.3,-16.4,99,75,-6.7,-4.8,-8.9,4.4,-22.2,172,73,-10.8,-8.5,-13.3,-1.5,-17.1
2012,"N",0,405,175,214,42,-7.2,-5.6,-10.9,1.2,-20.2,254,40,-10,-13,293,39,-7.3,-4.9,-9.9,3.5,-17.8,405,112,375,3.4,6.4,-0.4,12.8,-10.8,260,6,9.6,2.3,18.5,-1,0,10.5,14.4,6.1,23.4,-1,0,11,15.2,6.6,21.3,-1.3,0,0,5.8,9.9,2.6,16.3,-4.3,-4.6,-0.9,-6.2,4.3,-16.4,99,75,-6.7,-4.8,-8.9,4.4,-22.2,172,73,-10.8,-8.5,-13.3,-1.5,-17.1
2012,"O",2.5,405,175,214,42,-7.2,-5.6,-10.9,1.2,-20.2,254,40,-10,-13,293,39,-7.3,-4.9,-9.9,3.5,-17.8,405,112,375,3.4,6.4,-0.4,12.8,-10.8,260,6,9.6,2.3,18.5,-1,0,10.5,14.4,6.1,23.4,-1,0,11,15.2,6.6,21.3,-1.3,0,0,5.8,9.9,2.6,16.3,-4.3,-4.6,-0.9,-6.2,4.3,-16.4,99,75,-6.7,-4.8,-8.9,4.4,-22.2,172,73,-10.8,-8.5,-13.3,-1.5,-17.1
2012,"R",1.4,405,175,214,42,-7.2,-5.6,-10.9,1.2,-20.2,254,40,-10,-13,293,39,-7.3,-4.9,-9.9,3.5,-17.8,405,112,375,3.4,6.4,-0.4,12.8,-10.8,260,6,9.6,2.3,18.5,-1,0,10.5,14.4,6.1,23.4,-1,0,11,15.2,6.6,21.3,-1.3,0,0,5.8,9.9,2.6,16.3,-4.3,-4.6,-0.9,-6.2,4.3,-16.4,99,75,-6.7,-4.8,-8.9,4.4,-22.2,172,73,-10.8,-8.5,-13.3,-1.5,-17.1
2012,"S",1.3,405,175,214,42,-7.2,-5.6,-10.9,1.2,-20.2,254,40,-10,-13,293,39,-7.3,-4.9,-9.9,3.5,-17.8,405,112,375,3.4,6.4,-0.4,12.8,-10.8,260,6,9.6,2.3,18.5,-1,0,10.5,14.4,6.1,23.4,-1,0,11,15.2,6.6,21.3,-1.3,0,0,5.8,9.9,2.6,16.3,-4.3,-4.6,-0.9,-6.2,4.3,-16.4,99,75,-6.7,-4.8,-8.9,4.4,-22.2,172,73,-10.8,-8.5,-13.3,-1.5,-17.1
2012,"Y",0,405,175,214,42,-7.2,-5.6,-10.9,1.2,-20.2,254,40,-10,-13,293,39,-7.3,-4.9,-9.9,3.5,-17.8,405,112,375,3.4,6.4,-0.4,12.8,-10.8,260,6,9.6,2.3,18.5,-1,0,10.5,14.4,6.1,23.4,-1,0,11,15.2,6.6,21.3,-1.3,0,0,5.8,9.9,2.6,16.3,-4.3,-4.6,-0.9,-6.2,4.3,-16.4,99,75,-6.7,-4.8,-8.9,4.4,-22.2,172,73,-10.8,-8.5,-13.3,-1.5,-17.1
2013,"F",3.8,550,173,221,73,-6.5,-3,-9.8,5,-23.1,245,24,-19,-32,325,80,-8.7,-5.2,-12.8,0.8,-33.2,428,103,540,0.8,4.3,-2.7,10.7,-12.8,275,4.7,8.3,1.1,13.1,-5.2,0,12.2,16.7,7.6,22.8,-0.8,0,11.2,14.2,7.4,19.3,3.4,10,10,6.6,10.1,4.2,18.3,-5.2,-0.3,2.2,-4.3,8.2,-15.9,110,58,-6.3,-3.8,-10.4,3.6,-24.2,148,38,-11.7,-8.3,-15,1.2,-31.8
2013,"g",14.7,550,173,221,73,-6.5,-3,-9.8,5,-23.1,245,24,-19,-32,325,80,-8.7,-5.2,-12.8,0.8,-33.2,428,103,540,0.8,4.3,-2.7,10.7,-12.8,275,4.7,8.3,1.1,13.1,-5.2,0,12.2,16.7,7.6,22.8,-0.8,0,11.2,14.2,7.4,19.3,3.4,10,10,6.6,10.1,4.2,18.3,-5.2,-0.3,2.2,-4.3,8.2,-15.9,110,58,-6.3,-3.8,-10.4,3.6,-24.2,148,38,-11.7,-8.3,-15,1.2,-31.8
2013,"G",27.8,550,173,221,73,-6.5,-3,-9.8,5,-23.1,245,24,-19,-32,325,80,-8.7,-5.2,-12.8,0.8,-33.2,428,103,540,0.8,4.3,-2.7,10.7,-12.8,275,4.7,8.3,1.1,13.1,-5.2,0,12.2,16.7,7.6,22.8,-0.8,0,11.2,14.2,7.4,19.3,3.4,10,10,6.6,10.1,4.2,18.3,-5.2,-0.3,2.2,-4.3,8.2,-15.9,110,58,-6.3,-3.8,-10.4,3.6,-24.2,148,38,-11.7,-8.3,-15,1.2,-31.8
2013,"J",56.6,550,173,221,73,-6.5,-3,-9.8,5,-23.1,245,24,-19,-32,325,80,-8.7,-5.2,-12.8,0.8,-33.2,428,103,540,0.8,4.3,-2.7,10.7,-12.8,275,4.7,8.3,1.1,13.1,-5.2,0,12.2,16.7,7.6,22.8,-0.8,0,11.2,14.2,7.4,19.3,3.4,10,10,6.6,10.1,4.2,18.3,-5.2,-0.3,2.2,-4.3,8.2,-15.9,110,58,-6.3,-3.8,-10.4,3.6,-24.2,148,38,-11.7,-8.3,-15,1.2,-31.8
2013,"L",29,550,173,221,73,-6.5,-3,-9.8,5,-23.1,245,24,-19,-32,325,80,-8.7,-5.2,-12.8,0.8,-33.2,428,103,540,0.8,4.3,-2.7,10.7,-12.8,275,4.7,8.3,1.1,13.1,-5.2,0,12.2,16.7,7.6,22.8,-0.8,0,11.2,14.2,7.4,19.3,3.4,10,10,6.6,10.1,4.2,18.3,-5.2,-0.3,2.2,-4.3,8.2,-15.9,110,58,-6.3,-3.8,-10.4,3.6,-24.2,148,38,-11.7,-8.3,-15,1.2,-31.8
2013,"M",112,550,173,221,73,-6.5,-3,-9.8,5,-23.1,245,24,-19,-32,325,80,-8.7,-5.2,-12.8,0.8,-33.2,428,103,540,0.8,4.3,-2.7,10.7,-12.8,275,4.7,8.3,1.1,13.1,-5.2,0,12.2,16.7,7.6,22.8,-0.8,0,11.2,14.2,7.4,19.3,3.4,10,10,6.6,10.1,4.2,18.3,-5.2,-0.3,2.2,-4.3,8.2,-15.9,110,58,-6.3,-3.8,-10.4,3.6,-24.2,148,38,-11.7,-8.3,-15,1.2,-31.8
2013,"N",0,550,173,221,73,-6.5,-3,-9.8,5,-23.1,245,24,-19,-32,325,80,-8.7,-5.2,-12.8,0.8,-33.2,428,103,540,0.8,4.3,-2.7,10.7,-12.8,275,4.7,8.3,1.1,13.1,-5.2,0,12.2,16.7,7.6,22.8,-0.8,0,11.2,14.2,7.4,19.3,3.4,10,10,6.6,10.1,4.2,18.3,-5.2,-0.3,2.2,-4.3,8.2,-15.9,110,58,-6.3,-3.8,-10.4,3.6,-24.2,148,38,-11.7,-8.3,-15,1.2,-31.8
2013,"O",4.4,550,173,221,73,-6.5,-3,-9.8,5,-23.1,245,24,-19,-32,325,80,-8.7,-5.2,-12.8,0.8,-33.2,428,103,540,0.8,4.3,-2.7,10.7,-12.8,275,4.7,8.3,1.1,13.1,-5.2,0,12.2,16.7,7.6,22.8,-0.8,0,11.2,14.2,7.4,19.3,3.4,10,10,6.6,10.1,4.2,18.3,-5.2,-0.3,2.2,-4.3,8.2,-15.9,110,58,-6.3,-3.8,-10.4,3.6,-24.2,148,38,-11.7,-8.3,-15,1.2,-31.8
2013,"R",1.4,550,173,221,73,-6.5,-3,-9.8,5,-23.1,245,24,-19,-32,325,80,-8.7,-5.2,-12.8,0.8,-33.2,428,103,540,0.8,4.3,-2.7,10.7,-12.8,275,4.7,8.3,1.1,13.1,-5.2,0,12.2,16.7,7.6,22.8,-0.8,0,11.2,14.2,7.4,19.3,3.4,10,10,6.6,10.1,4.2,18.3,-5.2,-0.3,2.2,-4.3,8.2,-15.9,110,58,-6.3,-3.8,-10.4,3.6,-24.2,148,38,-11.7,-8.3,-15,1.2,-31.8
2013,"S",1.3,550,173,221,73,-6.5,-3,-9.8,5,-23.1,245,24,-19,-32,325,80,-8.7,-5.2,-12.8,0.8,-33.2,428,103,540,0.8,4.3,-2.7,10.7,-12.8,275,4.7,8.3,1.1,13.1,-5.2,0,12.2,16.7,7.6,22.8,-0.8,0,11.2,14.2,7.4,19.3,3.4,10,10,6.6,10.1,4.2,18.3,-5.2,-0.3,2.2,-4.3,8.2,-15.9,110,58,-6.3,-3.8,-10.4,3.6,-24.2,148,38,-11.7,-8.3,-15,1.2,-31.8
2013,"Y",0,550,173,221,73,-6.5,-3,-9.8,5,-23.1,245,24,-19,-32,325,80,-8.7,-5.2,-12.8,0.8,-33.2,428,103,540,0.8,4.3,-2.7,10.7,-12.8,275,4.7,8.3,1.1,13.1,-5.2,0,12.2,16.7,7.6,22.8,-0.8,0,11.2,14.2,7.4,19.3,3.4,10,10,6.6,10.1,4.2,18.3,-5.2,-0.3,2.2,-4.3,8.2,-15.9,110,58,-6.3,-3.8,-10.4,3.6,-24.2,148,38,-11.7,-8.3,-15,1.2,-31.8
2014,"F",13.2,335,153,130,20,-6.4,-2.8,-9.6,5.8,-27.9,190,60,-9.3,-18.7,250,60,-3.6,-0.7,-6.6,5.8,-24.1,318,68,335,1.9,5.7,-1.6,12.7,-8,0,8.6,12.3,4.4,22.2,-2.3,0,9.3,13.1,5.7,22,-1.1,0,9.8,13.4,6.1,21.7,0.3,0,0,5.2,8.8,1.5,18,-10.5,1.6,4.6,-1.4,11.4,-8.5,20,20,-6.9,-3.5,-10.8,4.7,-26.6,110,90,-10.2,-6.5,-13.2,0.8,-27.7
2014,"g",27.8,335,153,130,20,-6.4,-2.8,-9.6,5.8,-27.9,190,60,-9.3,-18.7,250,60,-3.6,-0.7,-6.6,5.8,-24.1,318,68,335,1.9,5.7,-1.6,12.7,-8,0,8.6,12.3,4.4,22.2,-2.3,0,9.3,13.1,5.7,22,-1.1,0,9.8,13.4,6.1,21.7,0.3,0,0,5.2,8.8,1.5,18,-10.5,1.6,4.6,-1.4,11.4,-8.5,20,20,-6.9,-3.5,-10.8,4.7,-26.6,110,90,-10.2,-6.5,-13.2,0.8,-27.7
2014,"G",109.9,335,153,130,20,-6.4,-2.8,-9.6,5.8,-27.9,190,60,-9.3,-18.7,250,60,-3.6,-0.7,-6.6,5.8,-24.1,318,68,335,1.9,5.7,-1.6,12.7,-8,0,8.6,12.3,4.4,22.2,-2.3,0,9.3,13.1,5.7,22,-1.1,0,9.8,13.4,6.1,21.7,0.3,0,0,5.2,8.8,1.5,18,-10.5,1.6,4.6,-1.4,11.4,-8.5,20,20,-6.9,-3.5,-10.8,4.7,-26.6,110,90,-10.2,-6.5,-13.2,0.8,-27.7
2014,"J",143.6,335,153,130,20,-6.4,-2.8,-9.6,5.8,-27.9,190,60,-9.3,-18.7,250,60,-3.6,-0.7,-6.6,5.8,-24.1,318,68,335,1.9,5.7,-1.6,12.7,-8,0,8.6,12.3,4.4,22.2,-2.3,0,9.3,13.1,5.7,22,-1.1,0,9.8,13.4,6.1,21.7,0.3,0,0,5.2,8.8,1.5,18,-10.5,1.6,4.6,-1.4,11.4,-8.5,20,20,-6.9,-3.5,-10.8,4.7,-26.6,110,90,-10.2,-6.5,-13.2,0.8,-27.7
2014,"L",81.6,335,153,130,20,-6.4,-2.8,-9.6,5.8,-27.9,190,60,-9.3,-18.7,250,60,-3.6,-0.7,-6.6,5.8,-24.1,318,68,335,1.9,5.7,-1.6,12.7,-8,0,8.6,12.3,4.4,22.2,-2.3,0,9.3,13.1,5.7,22,-1.1,0,9.8,13.4,6.1,21.7,0.3,0,0,5.2,8.8,1.5,18,-10.5,1.6,4.6,-1.4,11.4,-8.5,20,20,-6.9,-3.5,-10.8,4.7,-26.6,110,90,-10.2,-6.5,-13.2,0.8,-27.7
2014,"M",444.8,335,153,130,20,-6.4,-2.8,-9.6,5.8,-27.9,190,60,-9.3,-18.7,250,60,-3.6,-0.7,-6.6,5.8,-24.1,318,68,335,1.9,5.7,-1.6,12.7,-8,0,8.6,12.3,4.4,22.2,-2.3,0,9.3,13.1,5.7,22,-1.1,0,9.8,13.4,6.1,21.7,0.3,0,0,5.2,8.8,1.5,18,-10.5,1.6,4.6,-1.4,11.4,-8.5,20,20,-6.9,-3.5,-10.8,4.7,-26.6,110,90,-10.2,-6.5,-13.2,0.8,-27.7
2014,"N",0,335,153,130,20,-6.4,-2.8,-9.6,5.8,-27.9,190,60,-9.3,-18.7,250,60,-3.6,-0.7,-6.6,5.8,-24.1,318,68,335,1.9,5.7,-1.6,12.7,-8,0,8.6,12.3,4.4,22.2,-2.3,0,9.3,13.1,5.7,22,-1.1,0,9.8,13.4,6.1,21.7,0.3,0,0,5.2,8.8,1.5,18,-10.5,1.6,4.6,-1.4,11.4,-8.5,20,20,-6.9,-3.5,-10.8,4.7,-26.6,110,90,-10.2,-6.5,-13.2,0.8,-27.7
2014,"O",14.6,335,153,130,20,-6.4,-2.8,-9.6,5.8,-27.9,190,60,-9.3,-18.7,250,60,-3.6,-0.7,-6.6,5.8,-24.1,318,68,335,1.9,5.7,-1.6,12.7,-8,0,8.6,12.3,4.4,22.2,-2.3,0,9.3,13.1,5.7,22,-1.1,0,9.8,13.4,6.1,21.7,0.3,0,0,5.2,8.8,1.5,18,-10.5,1.6,4.6,-1.4,11.4,-8.5,20,20,-6.9,-3.5,-10.8,4.7,-26.6,110,90,-10.2,-6.5,-13.2,0.8,-27.7
2014,"R",2.4,335,153,130,20,-6.4,-2.8,-9.6,5.8,-27.9,190,60,-9.3,-18.7,250,60,-3.6,-0.7,-6.6,5.8,-24.1,318,68,335,1.9,5.7,-1.6,12.7,-8,0,8.6,12.3,4.4,22.2,-2.3,0,9.3,13.1,5.7,22,-1.1,0,9.8,13.4,6.1,21.7,0.3,0,0,5.2,8.8,1.5,18,-10.5,1.6,4.6,-1.4,11.4,-8.5,20,20,-6.9,-3.5,-10.8,4.7,-26.6,110,90,-10.2,-6.5,-13.2,0.8,-27.7
2014,"S",3.2,335,153,130,20,-6.4,-2.8,-9.6,5.8,-27.9,190,60,-9.3,-18.7,250,60,-3.6,-0.7,-6.6,5.8,-24.1,318,68,335,1.9,5.7,-1.6,12.7,-8,0,8.6,12.3,4.4,22.2,-2.3,0,9.3,13.1,5.7,22,-1.1,0,9.8,13.4,6.1,21.7,0.3,0,0,5.2,8.8,1.5,18,-10.5,1.6,4.6,-1.4,11.4,-8.5,20,20,-6.9,-3.5,-10.8,4.7,-26.6,110,90,-10.2,-6.5,-13.2,0.8,-27.7
2014,"Y",0,335,153,130,20,-6.4,-2.8,-9.6,5.8,-27.9,190,60,-9.3,-18.7,250,60,-3.6,-0.7,-6.6,5.8,-24.1,318,68,335,1.9,5.7,-1.6,12.7,-8,0,8.6,12.3,4.4,22.2,-2.3,0,9.3,13.1,5.7,22,-1.1,0,9.8,13.4,6.1,21.7,0.3,0,0,5.2,8.8,1.5,18,-10.5,1.6,4.6,-1.4,11.4,-8.5,20,20,-6.9,-3.5,-10.8,4.7,-26.6,110,90,-10.2,-6.5,-13.2,0.8,-27.7
